Zipcode,NewUsed,Year,Make,Dealer_Price,Fuel_Type,City_MPG,Highway_MPG,Drivetrain,Liters,V,Mileage,Customer_Review,Make_Tier,Standard_Ext_Color,Standard_Int_Color,Transmission_Type,Gears
5,1,2016,40,21495.0,1,18.0,24.0,1,3.7,3.7,27344.0,5.0,2,4,3,1,7.0
5,0,2020,5,20056.0,1,26.0,31.0,1,1.4,1.4,0.0,4.6,1,4,2,1,6.0
5,1,2016,31,23900.0,1,15.0,23.0,3,5.0,5.0,26641.0,4.8,1,4,2,1,8.0
5,1,2015,46,25995.0,1,15.0,24.0,1,3.0,3.0,36987.0,5.0,4,2,1,1,8.0
5,0,2019,3,21475.0,3,51.0,46.0,0,1.6,1.6,10.0,4.5,1,4,2,1,6.0
5,1,2006,40,2999.0,1,17.0,24.0,1,3.5,3.5,136152.0,4.8,2,7,1,1,5.0
5,1,2016,41,14905.0,1,22.0,32.0,1,2.0,2.0,36343.0,4.6,2,9,1,1,8.0
5,1,2009,0,2900.0,1,29.0,36.0,0,1.5,1.5,83699.0,4.7,1,4,2,1,4.0
5,1,2018,5,14500.0,1,19.0,28.0,0,3.6,3.6,35274.0,4.8,1,7,2,1,6.0
5,1,2016,29,30995.0,1,19.0,29.0,1,3.0,3.0,22754.0,4.9,2,9,2,1,8.0
5,1,2013,21,9895.0,1,21.0,32.0,0,2.0,2.0,42788.0,4.6,2,11,8,1,6.0
5,1,2018,47,17900.0,1,21.0,26.0,1,2.5,2.5,16154.0,4.7,1,7,2,1,6.0
5,1,2005,15,2995.0,1,18.0,25.0,3,4.6,4.6,105383.0,4.7,3,4,8,1,4.0
5,0,2020,5,20056.0,1,26.0,31.0,1,1.4,1.4,0.0,4.6,1,0,2,1,6.0
5,1,2018,2,13500.0,1,25.0,33.0,0,1.4,1.4,68.0,4.8,1,4,2,1,6.0
5,1,2018,5,15500.0,1,26.0,32.0,1,1.5,1.5,27358.0,4.7,1,7,2,1,6.0
5,1,2015,28,139995.0,1,13.0,21.0,3,6.6,6.6,17747.0,5.0,4,2,1,1,8.0
5,1,2004,40,4995.0,1,15.0,19.0,1,4.5,4.5,165000.0,4.8,2,2,2,1,5.0
5,1,2015,4,24495.0,1,16.0,24.0,1,3.0,3.0,54355.0,5.0,2,2,1,1,8.0
5,1,2009,40,10995.0,1,16.0,23.0,1,3.5,3.5,89789.0,4.6,2,4,2,1,7.0
5,1,2018,2,21500.0,1,18.0,26.0,1,3.6,3.6,29281.0,4.7,1,5,1,1,9.0
5,1,2016,44,39995.0,1,16.0,25.0,3,5.0,5.0,36243.0,5.0,2,9,4,1,8.0
5,1,2018,9,59950.0,1,15.0,22.0,1,4.0,4.0,11001.0,5.0,2,4,4,1,9.0
5,1,2017,41,25989.0,1,21.0,32.0,3,3.0,3.0,40369.0,4.8,2,0,2,0,6.0
5,1,2014,0,5900.0,1,25.0,35.0,0,2.5,2.5,122413.0,4.6,1,4,2,1,6.0
5,1,2007,4,17990.0,1,17.0,25.0,3,4.2,4.2,51797.0,4.8,2,7,8,1,6.0
5,1,2005,27,9590.0,1,21.0,27.0,1,2.5,2.5,81914.0,4.6,2,7,0,0,5.0
5,1,2018,33,28995.0,1,22.0,28.0,0,2.0,2.0,5787.0,4.6,1,9,4,0,6.0
5,1,2011,41,6499.0,1,18.0,28.0,3,3.0,3.0,70493.0,4.8,2,0,2,1,6.0
5,1,2005,44,4999.0,1,18.0,25.0,3,4.3,4.3,107261.0,4.8,2,4,1,1,6.0
5,1,2017,45,34495.0,1,17.0,24.0,3,3.3,3.3,27818.0,4.7,3,9,2,1,8.0
5,1,2006,26,5499.0,1,14.0,19.0,2,4.0,4.0,118610.0,4.3,4,2,8,1,6.0
5,1,2016,44,44895.0,1,16.0,24.0,3,5.0,5.0,33535.0,4.6,2,9,4,1,8.0
5,1,2004,2,1500.0,1,16.0,21.0,1,5.3,5.3,207055.0,4.1,1,4,1,1,4.0
5,1,2002,5,3995.0,1,17.0,22.0,3,4.3,4.3,179436.0,4.0,1,9,0,1,4.0
5,1,2006,14,5495.0,1,18.0,24.0,1,3.5,3.5,96180.0,4.6,1,4,0,1,5.0
5,1,2015,19,12924.0,1,25.0,37.0,0,2.0,2.0,70876.0,5.0,2,4,2,1,8.0
5,1,2019,10,225500.0,1,12.0,17.0,1,4.0,4.0,3195.0,5.0,3,5,1,1,8.0
5,1,2011,4,14995.0,1,16.0,23.0,3,5.0,5.0,69684.0,4.8,2,4,1,1,6.0
5,1,2019,9,58800.0,1,16.0,22.0,1,4.0,4.0,6454.0,3.0,2,4,4,1,9.0
5,1,2019,9,27900.0,1,24.0,35.0,0,2.0,2.0,7009.0,4.4,2,4,2,1,7.0
5,1,2013,21,6895.0,1,22.0,31.0,0,2.0,2.0,76290.0,4.6,2,11,8,1,6.0
5,0,2019,13,38420.0,3,25.0,31.0,2,2.0,2.0,16.0,4.6,2,9,2,1,1.0
5,1,2018,7,13800.0,2,124.0,94.0,3,2.3,2.3,8667.0,4.2,4,4,7,1,1.0
5,1,2015,42,18500.0,1,12.0,17.0,2,5.6,5.6,27182.0,4.9,1,4,1,1,5.0
5,1,2009,19,3995.0,1,25.0,31.0,0,3.2,3.2,116964.0,4.6,2,8,1,1,6.0
5,1,2014,47,5990.0,1,22.0,32.0,1,2.4,2.4,64459.0,4.6,1,7,1,1,6.0
5,1,2002,15,3997.0,1,25.0,31.0,3,4.6,4.6,57492.0,4.7,3,6,8,1,4.0
5,1,2018,11,61888.0,1,25.0,31.0,2,3.5,3.5,35409.0,5.0,3,9,1,1,10.0
5,1,2006,44,13224.0,1,19.0,25.0,3,4.3,4.3,106105.0,4.8,2,8,1,1,6.0
5,1,2010,34,14895.0,1,16.0,23.0,1,3.7,3.7,115511.0,4.8,3,0,1,1,6.0
5,0,2020,5,21749.0,1,26.0,31.0,1,1.4,1.4,0.0,4.6,1,9,2,1,6.0
5,1,2014,22,17595.0,1,25.0,31.0,0,3.6,3.6,76050.0,3.0,1,0,0,1,6.0
5,1,2013,21,9895.0,1,21.0,32.0,0,2.0,2.0,42788.0,4.6,2,11,8,1,6.0
5,0,2019,13,38420.0,3,25.0,31.0,2,2.0,2.0,11.0,4.6,2,9,0,1,1.0
5,1,2016,42,14900.0,1,25.0,31.0,3,4.0,4.0,58936.0,5.0,1,9,0,1,5.0
5,0,2020,5,21749.0,1,26.0,31.0,1,1.4,1.4,0.0,4.6,1,0,2,1,6.0
5,1,2019,43,26500.0,1,24.0,30.0,0,2.0,2.0,717.0,3.2,1,8,2,1,9.0
5,1,2009,0,2900.0,1,29.0,36.0,0,1.5,1.5,83699.0,4.7,1,4,2,1,4.0
5,1,2019,5,17500.0,1,22.0,32.0,0,2.0,2.0,926.0,4.4,1,9,2,1,9.0
5,0,2020,5,21749.0,1,26.0,31.0,1,1.4,1.4,0.0,4.6,1,9,2,1,6.0
5,0,2020,5,20273.0,1,26.0,31.0,0,1.4,1.4,0.0,4.6,1,0,2,1,6.0
5,1,2018,7,13800.0,2,124.0,94.0,3,2.3,2.3,8667.0,4.2,4,4,7,1,1.0
5,1,2019,21,17500.0,1,25.0,32.0,0,2.0,2.0,16.0,4.9,2,9,2,0,6.0
5,1,2002,15,3997.0,1,25.0,31.0,3,4.6,4.6,57492.0,4.7,3,6,8,1,4.0
5,1,2018,9,59950.0,1,15.0,22.0,1,4.0,4.0,11001.0,5.0,2,4,4,1,9.0
5,1,2009,19,3995.0,1,25.0,31.0,0,3.2,3.2,116964.0,4.6,2,8,1,1,6.0
5,1,2010,34,13985.0,1,16.0,23.0,1,3.7,3.7,98665.0,4.8,3,0,2,1,6.0
5,0,2020,5,22116.0,1,26.0,31.0,1,1.4,1.4,0.0,4.6,1,6,2,1,6.0
5,1,2006,13,25999.0,1,19.0,25.0,1,2.0,2.0,95225.0,4.7,2,8,2,0,5.0
5,1,2015,4,24495.0,1,16.0,24.0,1,3.0,3.0,54355.0,5.0,2,2,1,1,8.0
5,1,2018,16,136800.0,1,12.0,19.0,1,6.0,6.0,26604.0,5.0,3,9,8,1,8.0
5,0,2020,5,21749.0,1,26.0,31.0,1,1.4,1.4,0.0,4.6,1,0,2,1,6.0
5,1,2018,34,19999.0,1,20.0,32.0,0,3.5,3.5,30314.0,4.6,3,0,1,1,9.0
5,1,2010,9,13900.0,1,25.0,31.0,3,3.5,3.5,38984.0,4.7,2,7,1,1,7.0
5,1,2019,43,26500.0,1,24.0,30.0,0,2.0,2.0,345.0,3.2,1,7,1,1,9.0
5,0,2020,5,21749.0,1,26.0,31.0,1,1.4,1.4,0.0,4.6,1,9,2,1,6.0
5,1,2017,41,25989.0,1,21.0,32.0,3,3.0,3.0,40369.0,4.8,2,0,2,0,6.0
5,1,2016,33,15500.0,1,18.0,26.0,1,3.5,3.5,42555.0,4.6,1,9,8,1,6.0
5,1,2018,47,17888.0,1,26.0,30.0,0,1.5,1.5,18618.0,4.7,1,4,2,1,9.0
5,0,2020,5,21749.0,1,26.0,31.0,1,1.4,1.4,0.0,4.6,1,9,2,1,6.0
5,1,2017,16,153500.0,1,12.0,19.0,1,6.0,6.0,10122.0,4.8,3,0,1,1,8.0
5,1,2012,16,98760.0,0,11.0,18.0,3,6.8,6.8,33548.0,5.0,3,4,2,1,8.0
5,1,2004,40,4995.0,1,15.0,19.0,1,4.5,4.5,165000.0,4.8,2,2,2,1,5.0
5,0,2020,5,21749.0,1,26.0,31.0,1,1.4,1.4,0.0,4.6,1,9,2,1,6.0
5,1,2004,15,3997.0,1,16.0,23.0,0,4.2,4.2,88732.0,3.8,3,4,0,1,4.0
5,0,2020,5,21749.0,1,26.0,31.0,1,1.4,1.4,0.0,4.6,1,9,2,1,6.0
5,1,2019,22,34900.0,1,19.0,24.0,2,5.7,5.7,66.0,4.8,1,4,2,1,8.0
5,0,2020,5,21341.0,1,26.0,31.0,0,1.4,1.4,0.0,4.6,1,7,2,1,6.0
5,0,2020,5,21749.0,1,26.0,31.0,1,1.4,1.4,0.0,4.6,1,9,2,1,6.0
5,1,2015,33,19985.0,1,19.0,28.0,2,3.5,3.5,54652.0,4.8,1,7,2,1,6.0
5,1,2018,44,27998.0,1,22.0,28.0,1,2.0,2.0,28643.0,4.8,2,2,4,1,6.0
5,1,2009,40,12404.0,1,14.0,20.0,1,5.0,5.0,112675.0,4.9,2,7,3,1,7.0
5,1,2013,5,5995.0,1,25.0,35.0,0,1.8,1.8,71804.0,4.2,1,8,2,1,6.0
5,0,2020,5,21749.0,1,26.0,31.0,1,1.4,1.4,0.0,4.6,1,9,2,1,6.0
5,0,2020,5,20273.0,1,26.0,31.0,0,1.4,1.4,0.0,4.6,1,9,2,1,6.0
5,1,2016,9,17500.0,1,21.0,24.0,3,2.0,2.0,36201.0,5.0,2,4,2,1,7.0
5,1,2019,9,13500.0,1,21.0,24.0,3,2.0,2.0,3466.0,3.7,2,9,0,1,7.0
5,1,2012,33,6995.0,1,23.0,34.0,0,2.4,2.4,106765.0,4.5,1,4,2,1,5.0
5,1,2011,4,25200.0,1,15.0,22.0,3,5.0,5.0,21046.0,5.0,2,0,2,1,6.0
5,0,2020,5,20990.0,1,26.0,31.0,1,1.4,1.4,0.0,4.6,1,9,2,1,6.0
5,1,2015,8,14899.0,1,25.0,31.0,3,2.0,2.0,9189.0,4.4,3,10,2,0,6.0
5,0,2020,5,20273.0,1,26.0,31.0,0,1.4,1.4,0.0,4.6,1,4,2,1,6.0
5,0,2020,5,19295.0,1,26.0,31.0,0,1.4,1.4,2.0,4.6,1,7,2,1,6.0
5,1,2015,0,13808.0,1,20.0,26.0,1,2.7,2.7,45221.0,4.8,1,4,2,1,6.0
5,0,2020,5,21341.0,1,26.0,31.0,0,1.4,1.4,0.0,4.6,1,7,2,1,6.0
5,1,2018,31,13500.0,1,25.0,35.0,0,2.4,2.4,11.0,4.8,1,9,8,1,6.0
5,1,2017,34,26000.0,3,26.0,27.0,1,3.0,3.0,61058.0,4.7,3,4,2,1,7.0
5,0,2020,5,20056.0,1,26.0,31.0,1,1.4,1.4,0.0,4.6,1,9,2,1,6.0
5,0,2020,5,21749.0,1,26.0,31.0,1,1.4,1.4,0.0,4.6,1,4,2,1,6.0
5,1,2016,41,14905.0,1,22.0,32.0,1,2.0,2.0,36343.0,4.6,2,9,1,1,8.0
5,0,2019,13,38125.0,3,25.0,31.0,2,2.0,2.0,11.0,4.6,2,7,2,1,1.0
5,1,2014,0,13500.0,1,18.0,25.0,0,3.5,3.5,60062.0,4.6,1,0,2,1,6.0
5,0,2020,5,22116.0,1,26.0,31.0,1,1.4,1.4,0.0,4.6,1,6,2,1,6.0
5,0,2020,5,21749.0,1,26.0,31.0,1,1.4,1.4,0.0,4.6,1,4,2,1,6.0
5,1,2004,47,3995.0,1,15.0,19.0,2,4.2,4.2,115326.0,4.5,1,5,1,1,4.0
5,0,2020,5,20056.0,1,26.0,31.0,1,1.4,1.4,0.0,4.6,1,4,2,1,6.0
5,1,2012,29,6499.0,1,25.0,31.0,1,2.0,2.0,119487.0,4.6,2,4,8,1,8.0
5,1,2014,17,8500.0,1,25.0,33.0,0,1.4,1.4,102757.0,4.1,3,0,2,1,6.0
5,1,2018,14,16795.0,1,19.0,25.0,0,2.4,2.4,6325.0,4.7,1,4,2,1,4.0
5,0,2020,5,20273.0,1,26.0,31.0,0,1.4,1.4,0.0,4.6,1,4,2,1,6.0
5,1,2020,31,38632.0,1,19.0,24.0,1,3.8,3.8,3922.0,4.5,1,9,2,1,8.0
5,0,2020,5,19790.0,1,26.0,31.0,0,1.4,1.4,10.0,4.6,1,7,2,1,6.0
5,1,2013,10,259000.0,1,11.0,18.0,1,6.5,6.5,7242.0,5.0,3,2,1,1,7.0
5,0,2020,5,21749.0,1,26.0,31.0,1,1.4,1.4,0.0,4.6,1,0,2,1,6.0
5,1,2012,29,11995.0,1,25.0,31.0,1,3.0,3.0,122421.0,4.5,2,4,2,1,8.0
5,0,2020,5,21749.0,1,26.0,31.0,1,1.4,1.4,0.0,4.6,1,4,2,1,6.0
5,0,2019,13,37995.0,3,25.0,31.0,2,2.0,2.0,15.0,4.6,2,4,2,1,1.0
5,0,2019,13,38420.0,3,25.0,31.0,2,2.0,2.0,11.0,4.6,2,9,2,1,1.0
5,0,2020,5,19790.0,1,26.0,31.0,0,1.4,1.4,2.0,4.6,1,4,2,1,6.0
5,0,2019,13,38420.0,3,25.0,31.0,2,2.0,2.0,12.0,4.6,2,9,2,1,1.0
5,1,2016,35,129895.0,1,25.0,31.0,3,3.8,3.8,17936.0,5.0,4,10,2,1,7.0
5,0,2020,5,21749.0,1,26.0,31.0,1,1.4,1.4,0.0,4.6,1,4,2,1,6.0
5,1,2016,16,115000.0,0,12.0,20.0,1,6.0,6.0,20578.0,4.0,3,9,2,1,8.0
5,0,2020,5,21749.0,1,26.0,31.0,1,1.4,1.4,0.0,4.6,1,4,2,1,6.0
5,1,2012,21,9885.0,1,22.0,30.0,0,2.0,2.0,80518.0,4.6,2,6,8,1,6.0
5,1,2007,40,9895.0,1,19.0,26.0,3,3.5,3.5,75918.0,4.7,2,9,3,0,6.0
5,0,2020,5,19595.0,1,26.0,31.0,0,1.4,1.4,2.0,4.6,1,9,2,1,6.0
5,1,2011,33,11500.0,1,18.0,27.0,0,3.5,3.5,75668.0,4.7,1,9,1,1,5.0
5,0,2020,5,22766.0,1,26.0,31.0,1,1.4,1.4,0.0,4.6,1,6,2,1,6.0
5,1,2008,43,7495.0,1,15.0,23.0,0,4.6,4.6,73099.0,4.6,1,11,8,1,4.0
5,0,2020,5,21749.0,1,26.0,31.0,1,1.4,1.4,0.0,4.6,1,7,2,1,6.0
5,0,2019,13,38420.0,3,25.0,31.0,2,2.0,2.0,15.0,4.6,2,9,2,1,1.0
5,0,2020,5,20056.0,1,26.0,31.0,1,1.4,1.4,0.0,4.6,1,4,2,1,6.0
5,1,2014,4,12895.0,1,16.0,26.0,1,3.0,3.0,79187.0,4.6,2,4,2,1,8.0
5,1,2008,1,2795.0,1,25.0,31.0,0,2.4,2.4,84109.0,3.8,2,8,0,1,4.0
5,1,2016,43,31995.0,1,18.0,26.0,1,3.0,3.0,23301.0,4.6,1,0,2,1,8.0
5,1,2007,29,8938.0,1,18.0,25.0,1,4.2,4.2,78207.0,4.9,2,8,2,1,6.0
5,1,2009,24,39990.0,1,12.0,19.0,3,4.7,4.7,29100.0,5.0,4,4,2,1,6.0
5,0,2020,5,21749.0,1,26.0,31.0,1,1.4,1.4,0.0,4.6,1,4,2,1,6.0
5,1,2005,39,3995.0,1,20.0,30.0,0,3.8,3.8,77406.0,4.5,3,7,2,1,4.0
5,1,2015,14,5999.0,1,22.0,35.0,0,2.4,2.4,54412.0,4.3,1,0,2,1,6.0
5,1,2005,0,3995.0,1,25.0,31.0,1,1.8,1.8,123967.0,4.5,1,8,0,1,4.0
5,1,2014,37,8900.0,1,22.0,33.0,0,2.0,2.0,59830.0,4.7,1,0,2,1,6.0
5,0,2019,13,38420.0,3,25.0,31.0,2,2.0,2.0,13.0,4.6,2,9,2,1,1.0
5,1,2019,21,37888.0,1,17.0,23.0,1,3.6,3.6,9423.0,4.3,2,7,2,1,8.0
5,1,2018,9,39800.0,1,18.0,24.0,1,3.0,3.0,14841.0,5.0,2,4,2,1,9.0
5,1,2019,3,8990.0,1,28.0,37.0,0,1.6,1.6,4044.0,4.4,1,6,2,1,6.0
5,1,2008,0,5995.0,1,18.0,26.0,0,3.3,3.3,112996.0,4.9,1,8,0,1,5.0
5,1,2017,9,59995.0,1,13.0,17.0,1,5.5,5.5,31908.0,5.0,2,4,2,1,7.0
5,1,2019,5,12900.0,1,26.0,31.0,0,1.4,1.4,36.0,4.3,1,6,2,1,6.0
5,1,2018,44,62495.0,1,16.0,26.0,3,5.0,5.0,36079.0,4.8,2,6,1,1,10.0
5,1,2016,9,42995.0,1,16.0,26.0,1,4.7,4.7,38152.0,4.9,2,7,8,1,7.0
5,1,2019,21,17900.0,1,24.0,32.0,0,2.0,2.0,20.0,4.5,2,9,2,0,6.0
5,1,2006,34,6495.0,1,18.0,26.0,1,3.5,3.5,100585.0,4.5,3,2,8,1,5.0
5,1,2005,15,4697.0,1,18.0,25.0,3,4.6,4.6,73280.0,4.7,3,7,0,1,4.0
5,0,2019,5,20813.0,1,26.0,35.0,0,1.4,1.4,20.0,4.6,1,4,2,1,6.0
5,1,2015,47,14995.0,1,11.0,17.0,3,4.8,4.8,56673.0,4.5,1,9,0,1,6.0
5,1,2016,26,37444.0,1,25.0,31.0,2,3.0,3.0,54192.0,4.6,4,4,2,1,8.0
5,1,2011,5,3795.0,1,27.0,35.0,0,1.6,1.6,65900.0,3.2,1,0,2,1,4.0
5,1,2017,41,64995.0,1,16.0,24.0,1,4.4,4.4,42347.0,5.0,2,9,8,1,8.0
5,1,2017,2,20888.0,1,15.0,22.0,1,3.6,3.6,42674.0,4.8,1,2,1,1,6.0
5,1,2013,44,33800.0,1,12.0,17.0,2,5.7,5.7,52006.0,4.9,2,9,1,1,6.0
5,1,2019,41,69800.0,1,20.0,25.0,1,3.0,3.0,9853.0,4.0,2,4,6,1,8.0
5,1,2018,14,12900.0,1,19.0,25.0,0,3.6,3.6,51.0,4.7,1,0,2,1,4.0
5,1,2014,4,29990.0,1,19.0,27.0,3,5.0,5.0,68790.0,5.0,2,10,1,1,8.0
5,1,2016,40,25980.0,1,18.0,24.0,1,3.7,3.7,36462.0,5.0,2,9,1,1,7.0
5,1,2018,5,12000.0,1,27.0,36.0,0,1.5,1.5,406.0,4.8,1,2,2,1,6.0
5,1,2012,14,4995.0,1,21.0,30.0,0,2.4,2.4,87142.0,4.3,1,9,2,1,4.0
5,1,2017,37,19928.0,4,25.0,31.0,3,3.2,3.2,114422.0,4.3,1,4,2,1,6.0
5,1,2019,19,25500.0,1,24.0,36.0,0,2.0,2.0,11.0,5.0,2,9,1,1,8.0
5,1,2018,11,25994.0,1,19.0,25.0,1,2.0,2.0,28492.0,4.9,3,4,2,1,6.0
5,1,2017,9,32995.0,1,22.0,27.0,1,2.0,2.0,39344.0,4.4,2,4,4,1,9.0
5,1,2007,20,29995.0,1,25.0,31.0,2,6.0,6.0,44830.0,4.5,4,8,2,1,4.0
5,1,2009,4,20990.0,1,15.0,23.0,3,4.2,4.2,75607.0,4.6,2,0,8,1,6.0
5,1,2019,5,28495.0,2,128.0,110.0,0,2.3,2.3,10.0,4.6,1,3,0,1,1.0
5,1,2003,47,1995.0,1,15.0,20.0,2,4.2,4.2,162185.0,4.4,1,4,2,1,4.0
5,1,2006,30,78542.0,1,13.0,17.0,3,4.3,4.3,32291.0,5.0,4,2,1,1,6.0
5,0,2019,14,24740.0,1,19.0,25.0,0,2.4,2.4,6.0,3.8,1,0,2,1,4.0
5,0,2020,5,20056.0,1,26.0,31.0,1,1.4,1.4,0.0,4.6,1,9,2,1,6.0
5,1,2013,42,18975.0,1,25.0,31.0,3,4.0,4.0,64298.0,4.8,1,7,0,1,5.0
5,1,2007,4,13890.0,1,18.0,27.0,3,4.2,4.2,82513.0,4.8,2,3,1,1,6.0
5,1,2005,0,4995.0,1,25.0,31.0,0,3.3,3.3,76995.0,4.5,1,7,0,1,5.0
5,1,2017,9,87950.0,1,16.0,24.0,1,4.7,4.7,30344.0,4.0,2,4,2,1,9.0
5,1,2016,31,19950.0,1,15.0,23.0,3,5.0,5.0,50724.0,4.8,1,4,1,1,8.0
5,1,2019,37,26900.0,1,21.0,26.0,2,2.3,2.3,431.0,4.0,1,8,2,1,10.0
5,1,2017,41,29895.0,3,25.0,31.0,1,2.0,2.0,29935.0,5.0,2,9,8,1,8.0
5,1,2006,1,2595.0,1,22.0,29.0,0,2.4,2.4,150400.0,4.1,2,11,8,1,4.0
7,0,2020,14,21491.0,1,25.0,31.0,0,2.4,2.4,2.0,5.0,1,8,2,1,4.0
7,0,2019,43,41094.0,1,24.0,30.0,0,2.0,2.0,125.0,3.2,1,4,2,1,9.0
7,0,2019,43,34460.0,1,24.0,30.0,0,2.0,2.0,8285.0,3.2,1,8,2,1,9.0
7,0,2020,14,21491.0,1,25.0,31.0,0,2.4,2.4,11.0,5.0,1,9,1,1,4.0
7,0,2019,37,24145.0,0,25.0,31.0,3,3.7,3.7,12.0,3.8,1,9,1,1,6.0
7,0,2019,43,35135.0,1,24.0,30.0,0,2.0,2.0,15.0,3.2,1,4,1,1,9.0
7,0,2020,5,17910.0,1,26.0,34.0,0,1.4,1.4,7.0,4.5,1,10,2,1,6.0
7,0,2020,14,21491.0,1,25.0,31.0,0,2.4,2.4,10.0,5.0,1,9,1,1,4.0
7,1,2017,14,16000.0,1,19.0,25.0,0,2.4,2.4,32608.0,4.7,1,6,2,1,4.0
7,0,2020,2,23990.0,1,21.0,27.0,0,2.5,2.5,2127.0,4.8,1,6,1,1,6.0
7,0,2020,5,14365.0,1,26.0,31.0,0,1.4,1.4,7.0,4.6,1,4,2,1,6.0
7,0,2020,14,21491.0,1,25.0,31.0,0,2.4,2.4,90.0,5.0,1,0,2,1,4.0
7,1,2015,1,10000.0,1,23.0,36.0,0,2.4,2.4,67055.0,4.3,2,8,2,1,9.0
7,0,2020,5,17020.0,1,26.0,34.0,0,1.4,1.4,7.0,4.5,1,0,2,1,6.0
7,0,2020,14,21491.0,1,25.0,31.0,0,2.4,2.4,2.0,5.0,1,4,2,1,4.0
7,0,2019,43,41781.0,1,24.0,30.0,0,2.0,2.0,78.0,3.2,1,8,2,1,9.0
7,0,2019,43,38315.0,1,24.0,30.0,0,2.0,2.0,8938.0,3.2,1,5,2,1,9.0
7,0,2019,43,42119.0,1,24.0,30.0,0,2.0,2.0,12.0,3.2,1,8,2,1,9.0
7,0,2019,43,39422.0,1,24.0,30.0,0,2.0,2.0,41.0,3.2,1,5,2,1,9.0
7,0,2020,14,21491.0,1,25.0,31.0,0,2.4,2.4,13.0,5.0,1,9,1,1,4.0
7,0,2019,43,37755.0,1,24.0,30.0,0,2.0,2.0,7038.0,3.2,1,7,2,1,9.0
7,1,2005,44,17820.0,1,13.0,17.0,2,4.7,4.7,115362.0,4.4,2,3,8,1,5.0
7,0,2019,3,30192.0,1,20.0,27.0,0,3.3,3.3,9.0,4.2,1,9,2,1,8.0
7,0,2020,14,21491.0,1,25.0,31.0,0,2.4,2.4,10.0,5.0,1,9,2,1,4.0
7,1,2015,18,13500.0,1,24.0,31.0,0,2.4,2.4,51315.0,4.1,2,2,2,1,9.0
7,0,2019,43,38265.0,1,24.0,30.0,0,2.0,2.0,11.0,3.2,1,8,2,1,9.0
7,0,2019,43,39422.0,1,24.0,30.0,0,2.0,2.0,18.0,3.2,1,8,2,1,9.0
7,0,2019,43,39815.0,1,24.0,30.0,0,2.0,2.0,7304.0,3.2,1,5,2,1,9.0
7,0,2019,31,21995.0,3,40.0,46.0,0,2.0,2.0,19.0,5.0,1,0,0,1,6.0
7,1,2007,37,10699.0,1,15.0,20.0,3,4.0,4.0,82149.0,4.6,1,2,1,1,5.0
7,0,2020,14,21491.0,1,25.0,31.0,0,2.4,2.4,9.0,5.0,1,4,1,1,4.0
7,1,2014,31,14000.0,1,20.0,27.0,0,2.4,2.4,65894.0,4.6,1,2,8,1,6.0
7,1,2016,37,14800.0,1,18.0,27.0,0,3.5,3.5,23156.0,4.8,1,8,2,1,6.0
7,0,2019,5,14435.0,1,26.0,31.0,0,1.4,1.4,4970.0,4.3,1,9,2,1,6.0
7,0,2020,14,23006.0,1,25.0,31.0,0,2.4,2.4,11.0,5.0,1,7,2,1,4.0
7,0,2019,5,14435.0,1,26.0,31.0,0,1.4,1.4,2375.0,4.3,1,9,2,1,6.0
7,0,2019,43,42990.0,1,18.0,25.0,0,3.6,3.6,7614.0,4.3,1,5,2,1,8.0
7,0,2020,14,21491.0,1,25.0,31.0,0,2.4,2.4,9.0,5.0,1,4,1,1,4.0
7,0,2020,14,21491.0,1,25.0,31.0,0,2.4,2.4,15.0,5.0,1,9,1,1,4.0
7,0,2020,5,17965.0,1,26.0,34.0,0,1.4,1.4,6.0,4.5,1,0,2,1,6.0
7,0,2019,43,43055.0,1,24.0,30.0,0,2.0,2.0,16.0,3.2,1,7,2,1,9.0
7,0,2019,43,42899.0,1,24.0,30.0,1,2.0,2.0,11.0,3.2,1,9,2,1,9.0
7,0,2020,14,21491.0,1,25.0,31.0,0,2.4,2.4,15.0,5.0,1,8,1,1,4.0
7,0,2019,43,43380.0,1,24.0,30.0,0,2.0,2.0,2253.0,3.2,1,4,2,1,9.0
7,0,2020,37,17488.0,1,23.0,29.0,0,1.0,1.0,14.0,4.2,1,2,1,1,6.0
7,0,2020,14,21491.0,1,25.0,31.0,0,2.4,2.4,2.0,5.0,1,9,2,1,4.0
7,1,2013,33,12542.0,1,20.0,30.0,0,2.4,2.4,60667.0,4.6,1,9,8,1,5.0
7,0,2019,19,31000.0,1,24.0,36.0,0,2.0,2.0,0.0,5.0,2,4,2,1,8.0
7,0,2020,14,23619.0,1,25.0,31.0,0,2.4,2.4,9.0,5.0,1,0,2,1,4.0
7,0,2020,14,23619.0,1,25.0,31.0,0,2.4,2.4,9.0,5.0,1,0,2,1,4.0
7,0,2019,21,26874.0,1,21.0,30.0,1,1.8,1.8,2.0,4.8,2,3,2,1,6.0
7,0,2020,14,21491.0,1,25.0,31.0,0,2.4,2.4,9.0,5.0,1,7,2,1,4.0
7,0,2019,14,18766.0,1,19.0,25.0,0,2.4,2.4,5.0,3.8,1,4,2,1,4.0
7,1,2017,14,12500.0,1,19.0,25.0,0,3.6,3.6,38735.0,4.7,1,4,2,1,6.0
7,0,2020,14,21491.0,1,25.0,31.0,0,2.4,2.4,9.0,5.0,1,7,1,1,4.0
7,0,2020,14,21491.0,1,25.0,31.0,0,2.4,2.4,10.0,5.0,1,7,1,1,4.0
7,0,2020,14,21491.0,1,25.0,31.0,0,2.4,2.4,10.0,5.0,1,0,1,1,4.0
7,0,2020,14,21491.0,1,25.0,31.0,0,2.4,2.4,8.0,5.0,1,4,1,1,4.0
7,0,2020,31,25644.0,1,22.0,28.0,0,2.4,2.4,17.0,4.6,1,9,0,1,6.0
7,1,2018,25,24495.0,1,20.0,26.0,0,2.5,2.5,37665.0,4.9,3,2,1,1,6.0
7,0,2019,43,43380.0,1,24.0,30.0,0,2.0,2.0,26.0,3.2,1,8,2,1,9.0
7,0,2020,43,79085.0,1,14.0,23.0,3,6.2,6.2,5.0,5.0,1,9,8,1,10.0
7,0,2019,43,41332.0,1,24.0,30.0,0,2.0,2.0,27.0,3.2,1,9,2,1,9.0
7,0,2020,14,21491.0,1,25.0,31.0,0,2.4,2.4,10.0,5.0,1,7,1,1,4.0
7,0,2020,14,21491.0,1,25.0,31.0,0,2.4,2.4,2.0,5.0,1,0,2,1,4.0
7,0,2020,14,23619.0,1,25.0,31.0,0,2.4,2.4,10.0,5.0,1,4,2,1,4.0
7,0,2020,14,21491.0,1,25.0,31.0,0,2.4,2.4,9.0,5.0,1,8,2,1,4.0
7,1,2007,23,5991.0,1,25.0,31.0,3,2.4,2.4,129638.0,4.7,4,7,4,0,5.0
7,0,2020,14,21491.0,1,25.0,31.0,0,2.4,2.4,13.0,5.0,1,0,1,1,4.0
7,0,2019,37,24988.0,1,25.0,31.0,0,2.0,2.0,8.0,4.4,1,7,0,1,8.0
7,0,2020,5,14775.0,1,26.0,31.0,0,1.4,1.4,7.0,4.6,1,0,2,1,6.0
7,0,2020,14,23619.0,1,25.0,31.0,0,2.4,2.4,10.0,5.0,1,6,2,1,4.0
7,0,2020,5,17373.0,1,26.0,34.0,0,1.4,1.4,20.0,4.5,1,9,1,1,6.0
7,1,2010,14,8400.0,0,17.0,24.0,0,3.3,3.3,59038.0,4.1,1,6,1,1,4.0
7,0,2020,14,21491.0,1,25.0,31.0,0,2.4,2.4,10.0,5.0,1,4,1,1,4.0
7,1,2018,18,17000.0,1,22.0,31.0,0,2.4,2.4,11059.0,4.6,2,0,2,1,6.0
7,1,2013,41,27900.0,1,12.0,17.0,1,4.4,4.4,71522.0,5.0,2,6,2,1,6.0
7,0,2019,41,45705.0,1,21.0,29.0,3,3.0,3.0,9422.0,5.0,2,8,8,1,8.0
7,1,2017,41,18998.0,1,25.0,31.0,0,2.0,2.0,48529.0,4.7,2,7,2,1,8.0
7,0,2020,37,24255.0,1,23.0,29.0,2,2.0,2.0,11.0,4.2,1,2,1,1,6.0
7,1,2019,37,22995.0,1,16.0,23.0,0,3.5,3.5,19910.0,4.9,1,5,2,1,6.0
7,0,2019,22,35384.0,1,25.0,31.0,3,5.7,5.7,8.0,4.5,1,7,0,1,8.0
7,0,2019,2,22340.0,1,25.0,30.0,0,1.4,1.4,6928.0,4.7,1,5,1,1,6.0
7,0,2020,5,19050.0,1,26.0,31.0,0,1.5,1.5,7.0,4.5,1,9,0,1,6.0
7,0,2019,5,14435.0,1,26.0,31.0,0,1.4,1.4,3246.0,4.3,1,7,2,1,6.0
7,1,2009,5,12595.0,1,25.0,31.0,3,6.0,6.0,53039.0,5.0,1,9,0,1,4.0
7,0,2019,19,49000.0,1,23.0,35.0,0,2.0,2.0,0.0,5.0,2,4,2,1,8.0
7,0,2020,5,27080.0,1,22.0,29.0,0,2.0,2.0,10.0,4.5,1,5,0,1,9.0
7,0,2020,5,19254.0,1,26.0,34.0,0,1.4,1.4,10.0,4.5,1,0,2,1,6.0
7,0,2020,5,39430.0,1,18.0,27.0,0,3.6,3.6,61.0,5.0,1,9,2,1,9.0
7,1,2013,21,7950.0,1,22.0,31.0,0,2.5,2.5,77317.0,4.6,2,6,2,1,6.0
7,0,2019,43,42885.0,1,18.0,25.0,1,3.6,3.6,6271.0,4.3,1,7,2,1,8.0
7,0,2019,18,19643.0,1,22.0,30.0,0,2.4,2.4,8.0,4.2,2,6,2,1,9.0
7,0,2020,5,18490.0,1,26.0,31.0,0,1.4,1.4,12.0,4.6,1,7,2,1,6.0
7,0,2020,3,29323.0,1,19.0,26.0,0,3.3,3.3,10.0,4.8,1,0,2,1,8.0
7,1,2020,14,39599.0,1,14.0,22.0,3,5.7,5.7,15906.0,5.0,1,4,2,1,8.0
7,0,2019,37,35487.0,1,20.0,24.0,2,2.3,2.3,4630.0,4.0,1,2,2,1,10.0
7,0,2020,31,25455.0,1,22.0,28.0,0,2.4,2.4,15.0,4.6,1,11,8,1,6.0
7,0,2020,14,21491.0,1,25.0,31.0,0,2.4,2.4,9.0,5.0,1,0,1,1,4.0
7,0,2020,14,21491.0,1,25.0,31.0,0,2.4,2.4,12.0,5.0,1,0,1,1,4.0
7,0,2020,5,31430.0,1,25.0,31.0,0,2.0,2.0,7.0,4.5,1,9,2,1,9.0
7,0,2019,43,42990.0,1,18.0,25.0,1,3.6,3.6,6541.0,4.3,1,7,2,1,8.0
7,0,2019,43,49915.0,1,18.0,25.0,1,3.6,3.6,5577.0,4.3,1,9,2,1,8.0
7,0,2020,14,21491.0,1,25.0,31.0,0,2.4,2.4,10.0,5.0,1,0,1,1,4.0
7,0,2019,5,14435.0,1,26.0,31.0,0,1.4,1.4,7.0,4.3,1,7,2,1,6.0
7,0,2020,14,23619.0,1,25.0,31.0,0,2.4,2.4,11.0,5.0,1,4,2,1,4.0
7,0,2019,40,31888.0,1,21.0,30.0,0,2.0,2.0,42.0,5.0,2,8,1,1,7.0
7,1,2015,1,15000.0,1,19.0,31.0,3,3.6,3.6,82582.0,4.8,2,7,2,1,8.0
7,0,2019,37,22731.0,1,27.0,29.0,0,1.0,1.0,757.0,3.9,1,2,1,1,6.0
7,0,2019,5,14435.0,1,26.0,31.0,0,1.4,1.4,23.0,4.3,1,4,2,1,6.0
7,0,2020,5,19050.0,1,26.0,31.0,0,1.5,1.5,8.0,4.5,1,9,0,1,6.0
7,0,2019,43,42885.0,1,18.0,25.0,1,3.6,3.6,7971.0,4.3,1,7,2,1,8.0
7,0,2020,43,56705.0,1,25.0,31.0,0,3.6,3.6,5.0,4.6,1,5,1,1,9.0
7,0,2018,41,49035.0,3,25.0,31.0,3,2.0,2.0,4325.0,3.8,2,4,2,1,8.0
7,1,2016,5,17500.0,1,15.0,22.0,0,3.6,3.6,58630.0,4.6,1,9,1,1,6.0
7,0,2020,5,39430.0,1,18.0,27.0,0,3.6,3.6,61.0,5.0,1,9,2,1,9.0
7,0,2020,5,31430.0,1,25.0,31.0,0,2.0,2.0,7.0,4.5,1,9,2,1,9.0
7,0,2020,5,30495.0,1,22.0,32.0,0,2.0,2.0,7.0,4.8,1,0,2,1,9.0
7,0,2020,14,21491.0,1,25.0,31.0,0,2.4,2.4,10.0,5.0,1,0,1,1,4.0
7,1,2017,31,16467.0,1,25.0,35.0,0,2.4,2.4,29665.0,4.8,1,4,0,1,6.0
7,0,2020,31,26731.0,1,27.0,36.0,0,1.6,1.6,24.0,4.6,1,4,2,1,8.0
7,1,2016,37,26998.0,1,16.0,22.0,2,3.5,3.5,35443.0,4.5,1,7,1,1,6.0
7,0,2020,5,18490.0,1,26.0,31.0,0,1.4,1.4,12.0,4.6,1,7,2,1,6.0
7,0,2020,5,29475.0,1,22.0,29.0,0,2.0,2.0,6.0,4.5,1,9,2,1,9.0
7,1,2014,18,16900.0,0,17.0,24.0,3,3.6,3.6,63519.0,4.4,2,4,2,1,8.0
7,0,2020,3,26418.0,1,27.0,37.0,0,1.6,1.6,3.0,4.8,1,4,2,1,7.0
7,0,2020,14,21491.0,1,25.0,31.0,0,2.4,2.4,11.0,5.0,1,6,1,1,4.0
7,0,2020,5,35229.0,1,22.0,32.0,0,2.0,2.0,10.0,4.8,1,7,2,1,9.0
7,0,2019,19,49000.0,1,23.0,35.0,0,2.0,2.0,0.0,5.0,2,4,2,1,8.0
7,1,2018,14,16000.0,1,19.0,25.0,0,2.4,2.4,33857.0,4.7,1,4,2,1,4.0
7,0,2020,5,18921.0,1,26.0,31.0,0,1.4,1.4,10.0,4.6,1,4,2,1,6.0
7,0,2019,19,29900.0,1,24.0,36.0,0,2.0,2.0,0.0,5.0,2,6,2,1,8.0
7,0,2019,2,18840.0,1,25.0,30.0,0,1.4,1.4,3111.0,4.7,1,4,2,1,6.0
7,0,2020,5,26850.0,1,22.0,29.0,0,2.0,2.0,7.0,4.5,1,8,2,1,9.0
7,1,2017,43,25729.0,1,19.0,27.0,0,3.6,3.6,40252.0,4.6,1,4,8,1,8.0
7,0,2020,31,30119.0,1,21.0,26.0,1,2.4,2.4,15.0,4.6,1,11,2,1,6.0
7,0,2020,31,25670.0,1,22.0,29.0,0,2.4,2.4,15.0,4.7,1,6,2,1,8.0
7,0,2019,40,31999.0,1,24.0,33.0,0,2.0,2.0,16.0,5.0,2,6,3,1,7.0
7,1,2015,1,15000.0,1,19.0,31.0,3,3.6,3.6,82582.0,4.8,2,7,2,1,8.0
7,1,2017,41,24986.0,1,21.0,28.0,3,2.0,2.0,36733.0,4.7,2,8,1,1,8.0
7,0,2019,2,22340.0,1,25.0,30.0,0,1.4,1.4,6928.0,4.7,1,5,1,1,6.0
7,1,2013,0,14600.0,1,21.0,31.0,0,3.5,3.5,66158.0,4.4,1,9,0,1,6.0
7,0,2020,2,20340.0,1,25.0,30.0,0,1.4,1.4,5060.0,4.8,1,5,2,1,6.0
7,0,2019,43,40490.0,1,18.0,25.0,0,3.6,3.6,5616.0,4.3,1,7,2,1,8.0
7,1,2018,42,37500.0,1,14.0,19.0,1,5.6,5.6,33373.0,4.4,1,4,1,1,7.0
7,0,2020,14,21491.0,1,25.0,31.0,0,2.4,2.4,6.0,5.0,1,6,1,1,4.0
7,0,2020,31,29129.0,1,27.0,36.0,0,1.6,1.6,22.0,4.6,1,0,2,1,8.0
7,0,2020,14,21491.0,1,25.0,31.0,0,2.4,2.4,15.0,5.0,1,6,1,1,4.0
7,0,2020,5,28840.0,1,22.0,29.0,0,2.0,2.0,7.0,4.5,1,4,2,1,9.0
7,0,2020,31,19688.0,1,25.0,32.0,0,2.0,2.0,15.0,5.0,1,8,2,1,6.0
7,0,2020,43,48195.0,1,23.0,32.0,3,2.0,2.0,14.0,4.4,1,4,2,1,10.0
7,0,2018,41,38600.0,1,21.0,32.0,3,3.0,3.0,7.0,4.9,2,6,2,1,8.0
7,0,2020,43,52250.0,1,23.0,32.0,3,2.0,2.0,4.0,4.4,1,6,2,1,10.0
7,0,2020,5,24560.0,1,22.0,29.0,0,2.0,2.0,669.0,4.5,1,9,2,1,9.0
7,0,2020,31,27032.0,1,27.0,36.0,0,1.6,1.6,15.0,4.6,1,1,2,1,8.0
7,0,2020,5,19245.0,1,26.0,31.0,0,1.5,1.5,7.0,4.5,1,4,0,1,6.0
6,0,2020,37,22796.0,1,27.0,29.0,0,1.0,1.0,7.0,4.2,1,4,2,1,6.0
6,0,2020,37,18954.0,1,23.0,29.0,0,1.0,1.0,8.0,4.2,1,9,1,1,6.0
6,0,2020,19,45490.0,1,22.0,31.0,1,2.0,2.0,10.0,4.4,2,9,1,1,8.0
6,0,2020,37,22232.0,1,27.0,29.0,0,1.0,1.0,8.0,4.2,1,8,1,1,6.0
6,0,2020,37,23765.0,1,27.0,29.0,2,2.0,2.0,9.0,4.2,1,7,2,1,6.0
6,0,2020,37,18954.0,1,23.0,29.0,0,1.0,1.0,7.0,4.2,1,5,1,1,6.0
6,0,2019,14,21240.0,1,19.0,25.0,0,2.4,2.4,0.0,3.8,1,3,2,1,4.0
6,0,2019,14,21240.0,1,19.0,25.0,0,2.4,2.4,0.0,3.8,1,8,2,1,4.0
6,0,2020,37,22796.0,1,27.0,29.0,0,1.0,1.0,8.0,4.2,1,8,2,1,6.0
6,0,2020,37,18330.0,1,23.0,29.0,0,1.0,1.0,0.0,4.2,1,9,1,1,6.0
6,1,2012,22,30900.0,4,25.0,31.0,2,6.7,6.7,71465.0,4.5,1,4,1,1,6.0
6,0,2020,31,27406.0,1,22.0,28.0,0,2.4,2.4,11.0,4.6,1,9,8,1,6.0
6,0,2020,37,22296.0,1,27.0,29.0,0,1.0,1.0,8.0,4.2,1,7,2,1,6.0
6,1,2012,7,6450.0,1,25.0,31.0,3,1.0,1.0,24811.0,4.5,4,2,2,1,5.0
6,0,2020,37,22296.0,1,27.0,29.0,0,1.0,1.0,11.0,4.2,1,9,1,1,6.0
6,0,2020,37,21861.0,1,27.0,29.0,0,1.0,1.0,7.0,4.2,1,9,2,1,6.0
6,0,2020,37,18954.0,1,23.0,29.0,0,1.0,1.0,9.0,4.2,1,9,1,1,6.0
6,0,2020,37,22296.0,1,27.0,29.0,0,1.0,1.0,6.0,4.2,1,5,2,1,6.0
6,0,2020,37,18954.0,1,23.0,29.0,0,1.0,1.0,9.0,4.2,1,5,1,1,6.0
6,0,2019,14,21240.0,1,19.0,25.0,0,2.4,2.4,0.0,3.8,1,8,2,1,4.0
6,0,2020,37,21361.0,1,27.0,29.0,0,1.0,1.0,10.0,4.2,1,7,2,1,6.0
6,0,2020,37,21361.0,1,27.0,29.0,0,1.0,1.0,7.0,4.2,1,5,1,1,6.0
6,0,2019,14,21240.0,1,19.0,25.0,0,2.4,2.4,0.0,3.8,1,8,2,1,4.0
6,0,2020,37,21361.0,1,27.0,29.0,0,1.0,1.0,7.0,4.2,1,8,2,1,6.0
6,0,2020,37,17976.0,1,23.0,29.0,0,1.0,1.0,11.0,4.2,1,7,1,1,6.0
6,0,2019,17,29425.0,1,26.0,35.0,3,1.4,1.4,0.0,4.9,3,0,1,1,6.0
6,1,2013,44,15950.0,1,19.0,28.0,3,3.5,3.5,84141.0,4.7,2,8,8,1,6.0
6,1,2015,19,16500.0,1,24.0,31.0,0,2.0,2.0,75510.0,4.8,2,5,8,1,8.0
6,1,2010,33,14290.0,1,17.0,25.0,0,3.5,3.5,77038.0,4.8,1,9,2,1,5.0
6,0,2019,21,25535.0,1,27.0,36.0,0,1.4,1.4,10.0,5.0,2,0,2,1,8.0
6,0,2020,3,43523.0,1,17.0,25.0,1,3.3,3.3,10.0,4.7,1,9,2,1,8.0
6,0,2020,5,22342.0,1,26.0,31.0,0,1.4,1.4,2964.0,4.6,1,7,2,1,6.0
6,0,2020,5,22342.0,1,26.0,31.0,0,1.4,1.4,7.0,4.6,1,4,2,1,6.0
6,1,2018,44,59997.0,1,19.0,30.0,3,3.5,3.5,2441.0,4.2,2,6,2,1,10.0
6,0,2020,37,23889.0,1,27.0,29.0,2,2.0,2.0,8.0,4.2,1,9,1,1,6.0
6,1,2012,31,19600.0,1,15.0,23.0,3,5.0,5.0,33888.0,4.3,1,0,1,1,8.0
6,1,2017,45,25450.0,1,18.0,28.0,1,3.8,3.8,41772.0,4.9,3,9,2,1,8.0
6,0,2019,17,31810.0,1,26.0,35.0,3,1.4,1.4,0.0,4.9,3,9,1,1,6.0
6,0,2019,11,61441.0,1,18.0,27.0,0,2.7,2.7,92.0,4.3,3,8,1,1,6.0
6,0,2019,14,21240.0,1,19.0,25.0,0,2.4,2.4,0.0,3.8,1,3,2,1,4.0
6,0,2020,37,23330.0,1,27.0,29.0,2,2.0,2.0,9.0,4.2,1,5,2,1,6.0
6,0,2020,5,22342.0,1,26.0,31.0,0,1.4,1.4,7.0,4.6,1,9,2,1,6.0
6,0,2020,19,45490.0,1,22.0,31.0,1,2.0,2.0,10.0,4.4,2,6,2,1,8.0
6,0,2019,11,38835.0,1,19.0,25.0,0,2.0,2.0,350.0,4.3,3,9,1,1,6.0
6,1,2014,3,8950.0,1,25.0,37.0,0,1.8,1.8,73985.0,4.5,1,9,2,1,6.0
6,1,2017,45,35400.0,1,17.0,24.0,3,3.3,3.3,37968.0,4.7,3,9,8,1,8.0
6,0,2020,19,45490.0,1,22.0,31.0,1,2.0,2.0,5.0,4.4,2,0,1,1,8.0
6,0,2020,19,46100.0,1,22.0,31.0,1,2.0,2.0,5.0,4.4,2,0,2,1,8.0
6,1,2015,41,17500.0,1,22.0,33.0,1,2.0,2.0,44276.0,4.8,2,8,8,1,8.0
6,0,2019,17,32715.0,1,26.0,35.0,3,1.4,1.4,0.0,4.9,3,9,1,1,6.0
6,0,2020,5,22342.0,1,26.0,31.0,0,1.4,1.4,7.0,4.6,1,9,2,1,6.0
6,1,2014,41,20791.0,1,16.0,25.0,3,4.4,4.4,38211.0,5.0,2,7,2,1,8.0
6,0,2019,17,30860.0,1,26.0,35.0,3,1.4,1.4,0.0,4.9,3,7,1,0,6.0
6,0,2020,5,22342.0,1,26.0,31.0,0,1.4,1.4,3051.0,4.6,1,9,2,1,6.0
6,0,2020,5,22342.0,1,26.0,31.0,0,1.4,1.4,7.0,4.6,1,4,2,1,6.0
6,0,2019,17,30970.0,1,26.0,35.0,3,1.4,1.4,0.0,4.9,3,8,1,0,6.0
6,0,2020,3,33459.0,1,20.0,28.0,1,2.0,2.0,10.0,4.8,1,6,0,1,6.0
6,1,2015,19,13950.0,1,25.0,37.0,0,2.0,2.0,49359.0,4.8,2,4,2,1,8.0
6,1,2015,2,13914.0,1,25.0,36.0,0,3.6,3.6,52239.0,4.4,1,7,2,1,6.0
6,1,2019,5,12990.0,1,27.0,38.0,0,1.4,1.4,29250.0,4.6,1,4,2,1,6.0
6,0,2020,5,22342.0,1,26.0,31.0,0,1.4,1.4,7.0,4.6,1,4,2,1,6.0
6,1,2013,8,16400.0,1,25.0,31.0,3,2.0,2.0,34017.0,4.6,3,4,2,0,6.0
6,0,2020,31,24666.0,3,55.0,54.0,0,1.6,1.6,12.0,5.0,1,0,0,1,6.0
6,0,2020,5,23811.0,1,26.0,31.0,1,1.4,1.4,3074.0,4.6,1,7,2,1,6.0
6,0,2020,37,24265.0,1,27.0,29.0,2,2.0,2.0,11.0,4.2,1,4,2,1,6.0
6,0,2020,5,22342.0,1,26.0,31.0,0,1.4,1.4,3060.0,4.6,1,9,2,1,6.0
6,0,2020,5,22342.0,1,26.0,31.0,0,1.4,1.4,7.0,4.6,1,7,2,1,6.0
6,1,2017,32,50880.0,3,25.0,31.0,1,3.0,3.0,28470.0,5.0,4,7,2,1,8.0
6,1,2012,42,14900.0,1,16.0,22.0,3,4.0,4.0,63024.0,4.4,1,7,0,1,5.0
6,0,2020,37,32954.0,1,25.0,31.0,0,2.0,2.0,2226.0,5.0,1,8,0,1,8.0
6,0,2020,3,26085.0,1,25.0,31.0,0,1.6,1.6,26.0,4.9,1,0,2,1,7.0
6,0,2020,37,24265.0,1,27.0,29.0,2,2.0,2.0,7.0,4.2,1,8,2,1,6.0
6,0,2020,37,24265.0,1,27.0,29.0,2,2.0,2.0,7.0,4.2,1,9,2,1,6.0
6,1,2015,41,61950.0,3,25.0,31.0,1,1.5,1.5,16791.0,4.2,2,0,1,1,6.0
6,1,2019,22,29453.0,1,25.0,31.0,0,3.6,3.6,17390.0,4.5,1,9,2,1,6.0
6,1,2013,4,21950.0,1,16.0,24.0,3,5.0,5.0,54505.0,5.0,2,4,1,1,8.0
6,1,2016,1,11950.0,1,23.0,36.0,0,2.4,2.4,77751.0,4.5,2,9,2,1,9.0
6,1,2016,42,27900.0,4,25.0,31.0,2,5.0,5.0,75487.0,4.3,1,4,2,1,6.0
6,1,2015,2,13499.0,1,17.0,24.0,0,3.6,3.6,97258.0,4.5,1,5,1,1,6.0
6,0,2019,11,31920.0,1,20.0,31.0,0,2.0,2.0,1413.0,5.0,3,5,1,1,6.0
6,0,2020,3,24210.0,1,25.0,32.0,0,1.6,1.6,10.0,4.5,1,9,2,1,7.0
6,0,2020,3,21326.0,1,25.0,32.0,0,1.6,1.6,10.0,4.5,1,4,2,1,7.0
6,1,2004,39,18450.0,1,16.0,21.0,3,5.7,5.7,23380.0,4.7,3,4,4,0,6.0
6,1,2015,17,11950.0,1,22.0,30.0,0,1.4,1.4,20586.0,4.9,3,9,2,1,6.0
6,0,2020,5,48198.0,1,19.0,26.0,1,3.6,3.6,7.0,4.9,1,4,2,1,9.0
6,1,2014,5,13950.0,1,14.0,19.0,3,4.3,4.3,68264.0,5.0,1,9,1,1,4.0
6,0,2020,5,22342.0,1,26.0,31.0,0,1.4,1.4,7.0,4.6,1,4,2,1,6.0
6,1,2015,5,7865.0,1,25.0,35.0,0,1.8,1.8,70992.0,4.5,1,0,2,1,6.0
6,1,2017,45,39900.0,1,16.0,24.0,1,5.0,5.0,21596.0,4.7,3,4,2,1,8.0
6,1,2018,41,46900.0,1,18.0,26.0,3,3.0,3.0,8005.0,5.0,2,8,2,1,7.0
6,0,2020,5,22342.0,1,26.0,31.0,0,1.4,1.4,7.0,4.6,1,9,2,1,6.0
6,1,2014,5,9999.0,1,26.0,38.0,0,1.4,1.4,75615.0,4.5,1,9,2,1,6.0
6,1,2018,14,18491.0,1,19.0,25.0,0,3.6,3.6,47959.0,4.7,1,0,2,1,6.0
6,0,2019,14,21240.0,1,19.0,25.0,0,2.4,2.4,0.0,3.8,1,7,2,1,4.0
6,0,2020,3,32951.0,1,20.0,28.0,1,2.0,2.0,10.0,4.8,1,4,0,1,6.0
6,1,2013,33,20991.0,1,15.0,21.0,2,3.5,3.5,58344.0,4.8,1,9,2,1,5.0
6,1,2019,2,31995.0,1,18.0,26.0,0,3.6,3.6,16360.0,4.5,1,9,2,1,9.0
6,1,2018,9,71500.0,1,19.0,25.0,1,4.0,4.0,23636.0,4.2,2,9,2,1,9.0
6,0,2019,14,21240.0,1,19.0,25.0,0,2.4,2.4,0.0,3.8,1,0,2,1,4.0
6,1,2019,3,12590.0,1,28.0,37.0,0,1.6,1.6,28263.0,4.4,1,7,2,1,6.0
6,0,2020,19,45375.0,1,22.0,31.0,1,2.0,2.0,643.0,4.4,2,0,1,1,8.0
6,1,2015,34,24450.0,1,20.0,28.0,0,3.5,3.5,50689.0,4.8,3,2,1,1,6.0
4,1,2008,44,21900.0,1,16.0,23.0,3,5.0,5.0,85000.0,5.0,2,4,2,1,8.0
4,1,2013,8,11500.0,1,25.0,31.0,0,1.8,1.8,40379.0,4.0,3,9,2,0,5.0
4,0,2020,2,44854.0,1,18.0,26.0,0,3.6,3.6,7.0,5.0,1,4,2,1,9.0
4,0,2020,2,45454.0,1,18.0,26.0,0,3.6,3.6,7.0,5.0,1,9,2,1,9.0
4,0,2020,2,50067.0,1,18.0,26.0,1,3.6,3.6,7.0,5.0,1,9,1,1,9.0
4,1,2013,38,16300.0,1,26.0,35.0,0,1.6,1.6,23014.0,5.0,3,9,8,1,6.0
4,0,2020,2,28484.0,1,21.0,27.0,0,2.5,2.5,7.0,4.8,1,9,1,1,6.0
4,0,2020,5,17789.0,1,26.0,31.0,0,1.4,1.4,5.0,4.6,1,9,2,1,6.0
4,1,2013,37,15999.0,1,13.0,17.0,3,4.6,4.6,56705.0,5.0,1,9,0,1,4.0
4,0,2020,3,30348.0,1,19.0,26.0,0,3.3,3.3,50.0,4.8,1,8,8,1,8.0
4,0,2020,2,30731.0,1,21.0,27.0,0,2.5,2.5,7.0,4.8,1,2,1,1,6.0
4,0,2019,3,35872.0,1,25.0,31.0,0,3.3,3.3,10.0,4.2,1,4,2,1,8.0
4,0,2020,42,14442.0,1,27.0,35.0,0,1.6,1.6,10.0,4.6,1,4,2,0,5.0
4,0,2020,5,17294.0,1,26.0,31.0,0,1.4,1.4,7.0,4.6,1,9,2,1,6.0
4,1,2018,45,37500.0,1,17.0,24.0,3,3.3,3.3,23397.0,4.9,3,0,2,1,8.0
4,0,2020,2,47651.0,1,18.0,26.0,1,3.6,3.6,7.0,5.0,1,9,1,1,9.0
4,1,2019,31,26000.0,1,18.0,25.0,0,3.3,3.3,10437.0,4.8,1,2,0,1,6.0
4,0,2020,5,17294.0,1,26.0,31.0,0,1.4,1.4,6.0,4.6,1,9,2,1,6.0
4,0,2020,37,16644.0,1,23.0,29.0,0,1.0,1.0,5.0,4.2,1,7,1,1,6.0
4,0,2020,2,44854.0,1,18.0,26.0,0,3.6,3.6,7.0,5.0,1,5,2,1,9.0
4,0,2020,2,47291.0,1,18.0,26.0,0,3.6,3.6,7.0,5.0,1,9,2,1,9.0
4,0,2020,2,47651.0,1,18.0,26.0,1,3.6,3.6,7.0,5.0,1,9,2,1,9.0
4,1,2006,4,8750.0,1,17.0,24.0,3,4.2,4.2,85707.0,5.0,2,7,1,1,6.0
4,0,2020,2,50067.0,1,18.0,26.0,1,3.6,3.6,7.0,5.0,1,9,2,1,9.0
4,0,2020,5,16967.0,1,26.0,31.0,0,1.4,1.4,3.0,4.6,1,4,2,1,6.0
4,0,2020,2,49467.0,1,18.0,26.0,1,3.6,3.6,7.0,5.0,1,5,2,1,9.0
4,0,2020,5,16967.0,1,26.0,31.0,0,1.4,1.4,3.0,4.6,1,9,2,1,6.0
4,1,2007,23,14995.0,1,22.0,31.0,3,2.0,2.0,21221.0,4.7,4,8,2,0,5.0
4,0,2019,31,25995.0,3,55.0,54.0,0,1.6,1.6,2221.0,4.3,1,4,2,1,6.0
4,1,2010,15,10190.0,0,16.0,24.0,3,4.6,4.6,94067.0,4.6,3,7,1,1,4.0
4,1,2017,45,31691.0,1,16.0,24.0,1,5.0,5.0,50090.0,4.7,3,4,2,1,8.0
4,0,2020,42,14442.0,1,27.0,35.0,0,1.6,1.6,10.0,4.6,1,5,2,0,5.0
4,0,2020,5,17789.0,1,26.0,31.0,0,1.4,1.4,3.0,4.6,1,5,2,1,6.0
4,0,2019,42,49900.0,1,13.0,18.0,1,5.6,5.6,5408.0,4.6,1,4,2,1,7.0
4,1,2018,3,13290.0,1,29.0,37.0,0,1.6,1.6,23989.0,4.5,1,9,2,1,6.0
4,1,2012,17,11390.0,1,30.0,38.0,0,1.4,1.4,9773.0,4.3,3,7,2,0,5.0
4,0,2020,42,14442.0,1,27.0,35.0,0,1.6,1.6,10.0,4.6,1,4,2,0,5.0
4,0,2020,42,14580.0,1,27.0,35.0,0,1.6,1.6,3.0,4.6,1,4,2,0,5.0
4,1,2013,8,11500.0,1,25.0,31.0,0,1.8,1.8,48834.0,4.0,3,8,2,0,5.0
4,0,2020,5,17789.0,1,26.0,31.0,0,1.4,1.4,6.0,4.6,1,9,2,1,6.0
4,0,2019,3,31492.0,3,46.0,40.0,0,1.6,1.6,12.0,4.5,1,7,2,1,6.0
4,0,2020,37,16639.0,1,23.0,29.0,0,1.0,1.0,5.0,4.2,1,6,1,1,6.0
4,0,2020,5,17789.0,1,26.0,31.0,0,1.4,1.4,7.0,4.6,1,4,2,1,6.0
4,0,2020,5,16967.0,1,26.0,31.0,0,1.4,1.4,3.0,4.6,1,5,2,1,6.0
4,0,2020,37,16644.0,1,23.0,29.0,0,1.0,1.0,5.0,4.2,1,5,1,1,6.0
4,0,2020,37,16947.0,1,23.0,29.0,0,1.0,1.0,15.0,4.2,1,7,1,1,6.0
4,0,2020,37,16645.0,1,23.0,29.0,0,1.0,1.0,5.0,4.2,1,8,1,1,6.0
4,1,2017,42,23990.0,4,25.0,31.0,3,5.0,5.0,19474.0,4.5,1,6,2,1,6.0
4,0,2019,2,16865.0,1,24.0,29.0,0,1.4,1.4,3598.0,4.7,1,7,2,1,6.0
4,0,2020,2,30731.0,1,21.0,27.0,0,2.5,2.5,7.0,4.8,1,8,1,1,6.0
4,0,2020,2,30731.0,1,21.0,27.0,0,2.5,2.5,7.0,4.8,1,4,2,1,6.0
4,0,2020,2,38138.0,1,18.0,26.0,0,3.6,3.6,7.0,5.0,1,4,1,1,9.0
4,0,2020,5,30652.0,2,127.0,108.0,0,2.3,2.3,3.0,4.6,1,10,0,1,1.0
4,0,2020,2,36923.0,1,18.0,26.0,0,3.6,3.6,7.0,5.0,1,5,1,1,9.0
4,0,2019,31,36495.0,1,18.0,23.0,1,3.3,3.3,5850.0,4.8,1,2,0,1,6.0
4,0,2020,42,14442.0,1,27.0,35.0,0,1.6,1.6,10.0,4.6,1,9,2,0,5.0
4,0,2020,5,17789.0,1,26.0,31.0,0,1.4,1.4,6.0,4.6,1,4,2,1,6.0
4,0,2020,5,16967.0,1,26.0,31.0,0,1.4,1.4,3.0,4.6,1,5,2,1,6.0
4,0,2020,2,49467.0,1,18.0,26.0,1,3.6,3.6,7.0,5.0,1,4,2,1,9.0
4,0,2020,2,15965.0,1,25.0,30.0,0,1.4,1.4,8.0,4.8,1,4,2,1,6.0
4,0,2020,2,46691.0,1,18.0,26.0,0,3.6,3.6,7.0,5.0,1,5,2,1,9.0
4,0,2020,2,28979.0,1,21.0,27.0,0,2.5,2.5,7.0,4.8,1,2,1,1,6.0
4,0,2020,2,36923.0,1,18.0,26.0,0,3.6,3.6,7.0,5.0,1,5,1,1,9.0
4,0,2020,5,17294.0,1,26.0,31.0,0,1.4,1.4,8.0,4.6,1,4,2,1,6.0
4,0,2020,5,26624.0,2,127.0,108.0,0,2.3,2.3,3.0,4.6,1,8,1,1,1.0
4,0,2020,5,30652.0,2,127.0,108.0,0,2.3,2.3,3.0,4.6,1,8,0,1,1.0
4,0,2020,2,47291.0,1,18.0,26.0,0,3.6,3.6,7.0,5.0,1,9,1,1,9.0
4,0,2020,5,17789.0,1,26.0,31.0,0,1.4,1.4,7.0,4.6,1,9,2,1,6.0
4,0,2020,5,17789.0,1,26.0,31.0,0,1.4,1.4,6.0,4.6,1,9,2,1,6.0
4,0,2020,5,17789.0,1,26.0,31.0,0,1.4,1.4,7.0,4.6,1,9,2,1,6.0
4,0,2020,5,17789.0,1,26.0,31.0,0,1.4,1.4,6.0,4.6,1,4,2,1,6.0
4,0,2020,5,17789.0,1,26.0,31.0,0,1.4,1.4,7.0,4.6,1,9,2,1,6.0
4,0,2020,5,17789.0,1,26.0,31.0,0,1.4,1.4,6.0,4.6,1,9,2,1,6.0
4,0,2020,5,17294.0,1,26.0,31.0,0,1.4,1.4,8.0,4.6,1,4,2,1,6.0
4,0,2019,2,20811.0,1,24.0,29.0,0,1.4,1.4,5.0,4.7,1,7,2,1,6.0
4,0,2020,5,17789.0,1,26.0,31.0,0,1.4,1.4,6.0,4.6,1,9,2,1,6.0
4,0,2020,5,17789.0,1,26.0,31.0,0,1.4,1.4,4.0,4.6,1,0,2,1,6.0
4,1,2014,5,11190.0,2,128.0,109.0,0,2.3,2.3,20356.0,4.8,1,4,5,1,1.0
4,0,2020,5,17294.0,1,26.0,31.0,0,1.4,1.4,6.0,4.6,1,9,2,1,6.0
4,1,2012,17,11390.0,1,30.0,38.0,0,1.4,1.4,9773.0,4.3,3,7,2,0,5.0
4,0,2020,37,16645.0,1,23.0,29.0,0,1.0,1.0,5.0,4.2,1,8,1,1,6.0
4,0,2020,5,17789.0,1,26.0,31.0,0,1.4,1.4,4.0,4.6,1,0,2,1,6.0
4,1,2013,8,11500.0,1,25.0,31.0,0,1.8,1.8,48834.0,4.0,3,8,2,0,5.0
4,0,2020,2,47051.0,1,18.0,26.0,1,3.6,3.6,7.0,5.0,1,5,1,1,9.0
4,1,2014,17,8500.0,1,25.0,33.0,0,1.4,1.4,102757.0,4.1,3,0,2,1,6.0
4,0,2020,2,49467.0,1,18.0,26.0,1,3.6,3.6,7.0,5.0,1,4,1,1,9.0
4,0,2020,5,17789.0,1,26.0,31.0,0,1.4,1.4,6.0,4.6,1,4,2,1,6.0
4,0,2020,5,17294.0,1,26.0,31.0,0,1.4,1.4,6.0,4.6,1,9,2,1,6.0
4,0,2020,2,37238.0,1,18.0,26.0,0,3.6,3.6,2411.0,5.0,1,9,1,1,9.0
4,0,2020,5,17789.0,1,26.0,31.0,0,1.4,1.4,4.0,4.6,1,4,2,1,6.0
4,0,2020,2,47341.0,1,18.0,26.0,0,3.6,3.6,7.0,5.0,1,5,2,1,9.0
4,1,2007,6,3999.0,1,23.0,30.0,0,2.0,2.0,71411.0,3.2,4,8,0,1,4.0
4,0,2020,2,30736.0,1,21.0,27.0,0,2.5,2.5,7.0,4.8,1,6,1,1,6.0
4,0,2020,5,16967.0,1,26.0,31.0,0,1.4,1.4,3.0,4.6,1,9,2,1,6.0
4,0,2020,2,49467.0,1,18.0,26.0,1,3.6,3.6,7.0,5.0,1,5,2,1,9.0
4,0,2020,2,46691.0,1,18.0,26.0,0,3.6,3.6,7.0,5.0,1,5,1,1,9.0
4,0,2020,2,36290.0,1,18.0,26.0,0,3.6,3.6,7.0,5.0,1,9,1,1,9.0
4,0,2020,2,34458.0,1,18.0,26.0,0,3.6,3.6,7.0,5.0,1,5,1,1,9.0
4,0,2020,5,17789.0,1,26.0,31.0,0,1.4,1.4,6.0,4.6,1,4,2,1,6.0
4,0,2020,2,30731.0,1,21.0,27.0,0,2.5,2.5,7.0,4.8,1,6,1,1,6.0
4,1,2010,33,14290.0,1,17.0,25.0,0,3.5,3.5,77038.0,4.8,1,9,2,1,5.0
4,0,2020,2,34458.0,1,18.0,26.0,0,3.6,3.6,7.0,5.0,1,4,1,1,9.0
4,0,2020,2,38738.0,1,18.0,26.0,0,3.6,3.6,7.0,5.0,1,9,1,1,9.0
4,1,2017,38,20590.0,1,21.0,30.0,1,2.0,2.0,25614.0,5.0,3,4,2,1,8.0
4,0,2020,2,49467.0,1,18.0,26.0,1,3.6,3.6,7.0,5.0,1,5,1,1,9.0
4,0,2020,2,50067.0,1,18.0,26.0,1,3.6,3.6,7.0,5.0,1,9,1,1,9.0
4,0,2020,37,19832.0,1,27.0,29.0,0,1.0,1.0,15.0,4.2,1,6,2,1,6.0
4,0,2019,0,36088.0,1,26.0,35.0,1,2.5,2.5,10.0,4.5,1,4,2,1,8.0
4,0,2020,2,27810.0,1,21.0,27.0,0,2.5,2.5,5.0,4.8,1,6,2,1,6.0
4,0,2020,5,17789.0,1,26.0,31.0,0,1.4,1.4,8.0,4.6,1,4,2,1,6.0
4,0,2020,5,14295.0,1,26.0,31.0,0,1.4,1.4,3.0,4.6,1,4,2,1,6.0
4,0,2020,5,17294.0,1,26.0,31.0,0,1.4,1.4,7.0,4.6,1,4,2,1,6.0
4,0,2020,3,16597.0,1,31.0,41.0,0,2.0,2.0,5.0,4.5,1,9,2,0,6.0
4,0,2020,5,17789.0,1,26.0,31.0,0,1.4,1.4,4.0,4.6,1,4,2,1,6.0
4,0,2020,2,28979.0,1,21.0,27.0,0,2.5,2.5,7.0,4.8,1,8,2,1,6.0
4,0,2020,5,17789.0,1,26.0,31.0,0,1.4,1.4,3.0,4.6,1,0,2,1,6.0
4,0,2020,2,49467.0,1,18.0,26.0,1,3.6,3.6,7.0,4.8,1,5,2,1,9.0
4,0,2020,2,23650.0,1,21.0,27.0,0,2.5,2.5,9.0,4.8,1,8,1,1,6.0
4,1,2018,17,13990.0,1,22.0,30.0,0,1.4,1.4,25871.0,4.6,3,6,2,1,6.0
4,0,2020,2,47341.0,1,18.0,26.0,0,3.6,3.6,7.0,4.8,1,4,2,1,9.0
4,0,2020,2,49467.0,1,18.0,26.0,1,3.6,3.6,7.0,4.8,1,5,1,1,9.0
4,0,2019,5,17962.0,1,26.0,31.0,0,1.4,1.4,5622.0,4.3,1,4,2,1,6.0
4,0,2020,5,16967.0,1,26.0,31.0,0,1.4,1.4,5037.0,4.6,1,5,2,1,6.0
4,0,2019,5,17962.0,1,26.0,31.0,0,1.4,1.4,4645.0,4.3,1,7,2,1,6.0
2,1,2017,5,13588.0,3,49.0,43.0,0,1.8,1.8,59250.0,4.6,1,7,2,1,1.0
2,1,2017,1,16099.0,1,19.0,28.0,0,3.6,3.6,72198.0,4.6,2,9,2,1,9.0
2,1,2001,37,8995.0,1,25.0,31.0,2,6.8,6.8,132820.0,4.6,1,3,3,1,4.0
2,1,2016,2,11799.0,1,28.0,34.0,0,1.4,1.4,32769.0,4.7,1,5,2,1,6.0
2,1,2019,5,16199.0,1,26.0,32.0,0,1.5,1.5,20113.0,4.6,1,8,2,1,6.0
2,1,2007,29,22950.0,1,14.0,21.0,1,4.2,4.2,117619.0,5.0,2,4,2,0,6.0
2,1,2004,25,5985.0,1,25.0,31.0,3,1.3,1.3,57748.0,4.2,3,4,2,1,4.0
2,0,2019,43,32300.0,1,24.0,30.0,0,2.0,2.0,27.0,3.2,1,4,2,1,9.0
2,0,2019,43,36080.0,1,24.0,30.0,0,2.0,2.0,24.0,3.2,1,4,2,1,9.0
2,1,2018,31,16799.0,1,23.0,32.0,0,2.0,2.0,12780.0,4.8,1,4,3,1,8.0
2,1,2018,31,8980.0,1,28.0,37.0,0,1.6,1.6,45046.0,4.6,1,6,2,1,6.0
2,1,2006,16,38888.0,1,11.0,18.0,1,6.0,6.0,37618.0,5.0,3,4,1,1,6.0
2,1,2018,36,47800.0,1,24.0,34.0,3,1.7,1.7,10142.0,5.0,4,4,8,1,6.0
2,0,2019,43,33800.0,1,24.0,30.0,1,2.0,2.0,19.0,3.2,1,4,2,1,9.0
2,0,2019,13,31567.0,3,25.0,31.0,2,2.0,2.0,7.0,4.6,2,6,2,1,1.0
2,0,2019,43,35140.0,1,24.0,30.0,1,2.0,2.0,3876.0,3.2,1,7,2,1,9.0
2,1,2014,31,10999.0,1,15.0,23.0,3,5.0,5.0,38618.0,4.7,1,4,2,1,8.0
2,1,2013,3,6995.0,1,29.0,37.0,0,1.6,1.6,69250.0,4.5,1,7,2,1,6.0
2,1,2017,45,34900.0,1,16.0,24.0,3,5.0,5.0,40585.0,4.7,3,7,2,1,8.0
2,0,2019,43,40495.0,1,24.0,30.0,1,2.0,2.0,2719.0,3.2,1,4,2,1,9.0
2,1,2017,34,125500.0,3,21.0,22.0,1,3.5,3.5,2956.0,4.9,3,9,4,1,9.0
2,1,2018,31,13999.0,1,25.0,35.0,0,2.4,2.4,24934.0,4.8,1,9,0,1,6.0
2,0,2019,43,34170.0,1,24.0,30.0,0,2.0,2.0,11.0,3.2,1,9,2,1,9.0
2,0,2019,43,33570.0,1,24.0,30.0,0,2.0,2.0,23.0,3.2,1,4,2,1,9.0
2,0,2019,13,31038.0,3,25.0,31.0,2,2.0,2.0,7.0,4.6,2,6,2,1,1.0
2,0,2020,19,44836.0,1,22.0,31.0,1,2.0,2.0,0.0,4.4,2,9,1,1,8.0
2,1,2013,8,12590.0,1,25.0,31.0,0,1.8,1.8,22692.0,4.0,3,8,2,1,4.0
2,0,2019,2,30188.0,1,21.0,27.0,0,2.5,2.5,10.0,4.7,1,9,2,1,6.0
2,1,2018,5,15199.0,3,49.0,43.0,0,1.8,1.8,16250.0,4.9,1,8,2,1,1.0
2,1,2016,2,12599.0,1,23.0,30.0,0,1.4,1.4,19824.0,4.7,1,5,2,1,6.0
2,0,2020,1,39900.0,1,19.0,28.0,0,3.6,3.6,2.0,4.8,2,7,2,1,9.0
2,1,2018,2,14494.0,1,25.0,33.0,0,1.4,1.4,19150.0,4.8,1,0,2,1,6.0
2,1,2018,36,32994.0,1,22.0,28.0,1,2.0,2.0,24944.0,4.5,4,2,2,1,8.0
2,1,2014,21,9499.0,4,30.0,42.0,0,2.0,2.0,66630.0,4.7,2,9,2,1,6.0
2,0,2019,37,27579.0,1,25.0,31.0,3,3.7,3.7,68.0,3.8,1,9,1,1,6.0
2,1,2013,33,6499.0,1,28.0,36.0,0,1.8,1.8,62962.0,4.6,1,4,8,1,5.0
2,1,2017,30,218900.0,1,12.0,16.0,3,6.3,6.3,16543.0,5.0,4,2,2,1,7.0
2,1,2011,0,13750.0,1,16.0,22.0,0,3.5,3.5,64933.0,4.7,1,2,8,1,6.0
2,0,2019,43,32615.0,1,24.0,30.0,0,2.0,2.0,15.0,3.2,1,4,2,1,9.0
2,0,2019,43,31300.0,1,24.0,30.0,0,2.0,2.0,13.0,3.2,1,4,2,1,9.0
2,1,2013,8,8666.0,1,25.0,31.0,0,2.5,2.5,65692.0,4.6,3,9,2,1,6.0
2,1,2016,29,16599.0,1,20.0,29.0,0,2.0,2.0,32661.0,4.9,2,7,8,1,6.0
2,1,2008,15,5995.0,0,15.0,23.0,3,4.6,4.6,83477.0,4.5,3,8,1,1,4.0
2,0,2019,13,31860.0,3,25.0,31.0,2,2.0,2.0,7.0,4.6,2,9,2,1,1.0
2,1,2004,42,4490.0,1,20.0,26.0,3,3.5,3.5,61598.0,4.8,1,9,2,1,5.0
2,1,2019,1,39000.0,3,25.0,31.0,0,3.6,3.6,10855.0,4.2,2,9,2,1,1.0
2,1,2011,16,74998.0,0,12.0,19.0,1,6.0,6.0,22805.0,3.7,3,4,2,1,6.0
2,0,2020,31,23459.0,3,57.0,59.0,0,1.6,1.6,10.0,5.0,1,9,2,1,6.0
2,0,2019,31,27128.0,3,55.0,54.0,0,1.6,1.6,16.0,4.3,1,7,8,1,6.0
2,0,2020,31,23170.0,3,57.0,59.0,0,1.6,1.6,10.0,5.0,1,9,0,1,6.0
2,0,2019,43,38285.0,1,24.0,30.0,0,2.0,2.0,12.0,3.2,1,4,2,1,9.0
2,0,2019,13,31597.0,3,25.0,31.0,2,2.0,2.0,7.0,4.6,2,6,2,1,1.0
2,1,2006,42,6985.0,1,19.0,25.0,3,3.5,3.5,150186.0,4.7,1,7,1,1,5.0
2,0,2019,43,32655.0,1,24.0,30.0,0,2.0,2.0,3152.0,3.2,1,4,2,1,9.0
2,0,2020,19,44836.0,1,22.0,31.0,1,2.0,2.0,0.0,4.4,2,0,2,1,8.0
2,0,2019,43,39365.0,1,24.0,30.0,1,2.0,2.0,153.0,3.2,1,4,2,1,9.0
2,0,2019,43,33835.0,1,24.0,30.0,0,2.0,2.0,2373.0,3.2,1,8,2,1,9.0
2,0,2019,43,33171.0,1,24.0,30.0,0,2.0,2.0,3519.0,3.2,1,2,2,1,9.0
2,0,2020,19,44229.0,1,22.0,31.0,1,2.0,2.0,0.0,4.4,2,9,1,1,8.0
2,1,2017,37,24199.0,0,25.0,31.0,3,3.7,3.7,14563.0,4.3,1,7,2,1,6.0
2,0,2019,13,31702.0,3,25.0,31.0,2,2.0,2.0,7.0,4.6,2,6,2,1,1.0
2,1,2020,41,68088.0,1,20.0,25.0,1,3.0,3.0,4642.0,4.9,2,4,2,1,8.0
2,1,2003,20,19799.0,1,25.0,31.0,2,6.0,6.0,45800.0,4.6,4,4,1,1,4.0
2,0,2020,42,14545.0,1,27.0,35.0,0,1.6,1.6,0.0,4.6,1,9,2,0,5.0
2,1,2017,42,6980.0,1,27.0,35.0,0,1.8,1.8,50328.0,4.7,1,9,1,0,6.0
2,1,2017,7,8992.0,1,31.0,39.0,3,1.0,1.0,18754.0,4.2,4,0,2,0,5.0
2,1,2016,5,7299.0,1,25.0,36.0,0,1.8,1.8,35126.0,4.7,1,4,2,1,6.0
2,1,2019,22,22100.0,1,25.0,31.0,0,3.6,3.6,35428.0,4.5,1,9,2,1,6.0
2,1,2005,37,13995.0,1,25.0,31.0,3,6.8,6.8,118935.0,4.4,1,9,1,1,4.0
2,0,2020,19,48126.0,1,22.0,31.0,1,2.0,2.0,0.0,4.4,2,9,2,1,8.0
2,1,2018,1,19199.0,0,19.0,28.0,0,3.6,3.6,37202.0,4.6,2,4,2,1,9.0
2,1,2017,5,9799.0,1,25.0,33.0,0,1.4,1.4,23097.0,4.6,1,7,2,1,6.0
2,0,2020,19,48126.0,1,22.0,31.0,1,2.0,2.0,0.0,4.4,2,9,1,1,8.0
2,1,2015,3,10299.0,1,22.0,29.0,0,1.6,1.6,33376.0,5.0,1,6,2,1,6.0
2,1,2016,5,12599.0,1,22.0,32.0,0,2.4,2.4,44690.0,4.7,1,5,2,1,6.0
2,1,2016,31,10880.0,1,28.0,38.0,0,1.8,1.8,26195.0,4.6,1,4,8,1,6.0
2,1,2020,41,68088.0,1,20.0,25.0,1,3.0,3.0,4642.0,4.9,2,4,2,1,8.0
2,0,2019,2,28407.0,1,21.0,27.0,0,2.5,2.5,9.0,4.7,1,9,2,1,6.0
2,1,2018,31,12199.0,1,26.0,36.0,0,2.0,2.0,21326.0,4.8,1,7,0,1,6.0
2,1,2006,5,7981.0,1,23.0,30.0,0,2.2,2.2,38125.0,4.3,1,7,0,1,4.0
2,1,2013,8,10990.0,1,25.0,31.0,0,2.4,2.4,65496.0,4.7,3,7,0,1,4.0
2,1,2016,5,12799.0,3,25.0,31.0,0,1.5,1.5,44950.0,4.8,1,9,2,1,1.0
2,0,2019,13,31756.0,3,25.0,31.0,2,2.0,2.0,7.0,4.6,2,6,2,1,1.0
2,1,2017,5,15188.0,3,25.0,31.0,0,1.5,1.5,18810.0,4.8,1,7,1,1,1.0
2,1,2016,37,24481.0,1,16.0,24.0,1,3.5,3.5,27803.0,4.8,1,5,2,1,6.0
2,1,2018,9,62981.0,1,16.0,22.0,1,4.0,4.0,7994.0,5.0,2,4,2,1,9.0
2,1,2005,37,13995.0,1,25.0,31.0,3,6.8,6.8,118935.0,4.4,1,9,1,1,4.0
2,0,2019,13,31702.0,3,25.0,31.0,2,2.0,2.0,7.0,4.6,2,6,2,1,1.0
2,1,2016,44,24795.0,1,22.0,32.0,3,2.0,2.0,28493.0,4.8,2,7,2,1,8.0
2,0,2019,31,27128.0,3,55.0,54.0,0,1.6,1.6,16.0,4.3,1,7,8,1,6.0
2,0,2020,19,47374.0,1,22.0,31.0,1,2.0,2.0,0.0,4.4,2,3,1,1,8.0
2,1,2017,5,9799.0,1,25.0,33.0,0,1.4,1.4,23097.0,4.6,1,7,2,1,6.0
2,1,2013,42,5489.0,2,129.0,102.0,0,2.3,2.3,61329.0,4.1,1,9,2,1,1.0
2,0,2019,42,32590.0,1,15.0,21.0,3,5.6,5.6,10.0,4.2,1,5,2,1,7.0
2,1,2014,13,13899.0,1,18.0,25.0,1,2.0,2.0,69228.0,3.9,2,4,2,1,6.0
2,0,2019,47,37692.0,1,18.0,25.0,0,3.6,3.6,2.0,4.5,1,9,2,1,6.0
2,1,2012,46,29699.0,1,13.0,21.0,3,4.7,4.7,46394.0,4.8,4,0,4,1,6.0
2,0,2019,13,36957.0,3,25.0,31.0,2,2.0,2.0,10.0,4.6,2,0,2,1,1.0
2,1,2018,41,23988.0,1,24.0,35.0,3,2.0,2.0,38478.0,4.8,2,8,2,0,6.0
2,1,2011,31,9950.0,1,21.0,30.0,3,2.0,2.0,40623.0,4.5,1,4,2,1,5.0
2,1,2016,41,29980.0,1,21.0,29.0,3,3.0,3.0,21110.0,5.0,2,4,1,1,8.0
2,1,2017,9,43995.0,1,14.0,18.0,1,4.7,4.7,65157.0,4.9,2,9,2,1,9.0
2,0,2020,19,45856.0,1,22.0,31.0,1,2.0,2.0,0.0,4.4,2,0,2,1,8.0
2,1,2017,5,10699.0,1,25.0,33.0,0,1.4,1.4,8023.0,4.6,1,9,2,1,6.0
2,1,2017,40,24588.0,1,19.0,28.0,3,3.0,3.0,48890.0,4.4,2,7,3,1,7.0
2,0,2020,37,23040.0,1,27.0,29.0,2,2.0,2.0,5.0,4.2,1,9,2,1,6.0
2,1,2014,5,27799.0,1,14.0,21.0,3,6.2,6.2,54861.0,4.8,1,4,2,1,6.0
2,0,2019,42,43499.0,4,25.0,31.0,2,5.0,5.0,31.0,4.8,1,5,2,1,6.0
2,1,2020,41,33388.0,1,24.0,33.0,0,2.0,2.0,3944.0,5.0,2,4,2,1,8.0
2,0,2019,13,31501.0,3,25.0,31.0,2,2.0,2.0,5.0,4.6,2,9,2,1,1.0
2,0,2020,43,46650.0,1,23.0,32.0,3,2.0,2.0,6.0,4.4,1,9,2,1,10.0
2,1,2009,2,9899.0,1,16.0,22.0,1,3.6,3.6,58770.0,4.1,1,5,1,1,6.0
2,0,2020,9,170895.0,1,13.0,15.0,1,4.0,4.0,1.0,3.0,2,9,8,1,9.0
2,0,2019,13,36763.0,3,25.0,31.0,2,2.0,2.0,5.0,4.6,2,0,2,1,1.0
2,1,2005,43,14999.0,1,17.0,25.0,3,4.6,4.6,61901.0,4.8,1,7,8,1,5.0
2,1,2016,8,6199.0,1,31.0,41.0,0,1.5,1.5,65244.0,4.0,3,2,5,1,6.0
2,1,2016,1,11698.0,1,18.0,29.0,0,2.4,2.4,37060.0,4.5,2,7,2,1,9.0
2,1,2016,31,8499.0,1,27.0,37.0,0,1.8,1.8,61961.0,4.6,1,7,0,1,6.0
2,0,2020,37,21940.0,1,27.0,29.0,0,1.0,1.0,5.0,4.2,1,5,2,1,6.0
2,0,2020,18,23825.0,1,22.0,27.0,2,1.3,1.3,16.0,4.6,2,4,2,1,9.0
2,0,2020,37,21940.0,1,27.0,29.0,0,1.0,1.0,5.0,4.2,1,5,2,1,6.0
2,0,2019,13,37013.0,3,25.0,31.0,2,2.0,2.0,7.0,4.6,2,11,2,1,1.0
2,0,2020,37,21940.0,1,27.0,29.0,0,1.0,1.0,5.0,4.2,1,7,2,1,6.0
2,1,2016,44,25995.0,1,22.0,32.0,3,2.0,2.0,29878.0,4.8,2,0,2,1,8.0
2,0,2019,13,31038.0,3,25.0,31.0,2,2.0,2.0,12.0,4.6,2,6,0,1,1.0
2,1,2008,46,29999.0,1,13.0,19.0,3,4.2,4.2,32700.0,4.5,4,8,1,1,6.0
2,1,2016,2,12599.0,1,23.0,30.0,0,1.4,1.4,19824.0,4.7,1,5,2,1,6.0
2,1,2016,16,128495.0,0,11.0,18.0,3,6.8,6.8,37869.0,5.0,3,7,1,1,8.0
2,0,2020,37,21940.0,1,27.0,29.0,0,1.0,1.0,5.0,4.2,1,9,1,1,6.0
2,1,2019,11,65995.0,1,16.0,22.0,3,3.5,3.5,25464.0,4.0,3,4,2,1,10.0
2,0,2020,37,21940.0,1,27.0,29.0,0,1.0,1.0,5.0,4.2,1,9,2,1,6.0
2,1,2018,41,41900.0,1,20.0,28.0,1,3.0,3.0,22981.0,4.8,2,7,2,1,8.0
1,1,2019,33,26987.0,1,20.0,25.0,1,3.5,3.5,10954.0,4.5,1,5,2,1,9.0
1,1,2015,21,12500.0,1,25.0,31.0,0,2.0,2.0,34194.0,4.9,2,4,2,1,6.0
1,1,2018,4,27899.0,1,22.0,27.0,1,2.0,2.0,3849.0,4.7,2,8,2,1,8.0
1,1,2015,5,34371.0,1,16.0,22.0,2,5.3,5.3,18634.0,4.6,1,4,1,1,6.0
1,1,2011,40,5995.0,1,19.0,27.0,3,3.7,3.7,79999.0,4.7,2,8,1,1,7.0
1,1,2016,3,12500.0,1,24.0,35.0,0,2.4,2.4,35183.0,4.8,1,4,0,1,6.0
1,1,2016,26,25499.0,1,15.0,19.0,2,3.0,3.0,52049.0,4.8,4,3,1,1,8.0
1,1,2019,33,25483.0,1,18.0,26.0,1,3.5,3.5,10598.0,4.7,1,9,2,1,6.0
1,1,2017,4,25000.0,1,18.0,23.0,1,3.0,3.0,22755.0,4.6,2,0,1,1,8.0
1,1,2019,37,24500.0,1,17.0,24.0,2,3.5,3.5,6714.0,4.8,1,4,2,1,6.0
1,1,2018,0,17992.0,1,19.0,27.0,0,3.5,3.5,29844.0,4.7,1,6,1,1,8.0
1,1,2016,5,30000.0,1,16.0,22.0,2,6.2,6.2,44833.0,4.7,1,4,1,1,8.0
1,1,2013,40,22500.0,1,14.0,20.0,2,5.6,5.6,57162.0,4.6,2,9,1,1,7.0
1,1,2016,43,30000.0,1,18.0,27.0,1,3.6,3.6,9707.0,4.6,1,6,1,1,8.0
1,1,2015,11,20992.0,1,16.0,22.0,2,3.5,3.5,59115.0,4.9,3,4,1,1,6.0
1,1,2019,43,28000.0,1,24.0,30.0,0,2.0,2.0,17324.0,3.2,1,8,2,1,9.0
1,1,2017,5,13969.0,1,15.0,22.0,0,3.6,3.6,22903.0,4.8,1,5,1,1,6.0
1,1,2019,42,31500.0,1,15.0,20.0,2,5.6,5.6,8058.0,4.2,1,9,2,1,7.0
1,1,2016,37,21994.0,1,25.0,31.0,2,3.5,3.5,57675.0,4.3,1,4,2,1,6.0
1,1,2018,14,28500.0,1,19.0,26.0,1,5.7,5.7,11985.0,4.8,1,0,2,1,8.0
1,1,2017,4,45992.0,1,15.0,23.0,1,5.0,5.0,8013.0,4.8,2,9,1,1,8.0
1,1,2017,47,39578.0,1,15.0,21.0,2,6.2,6.2,38501.0,4.7,1,7,2,1,8.0
1,1,2016,37,7900.0,1,18.0,27.0,0,3.5,3.5,22000.0,4.8,1,4,0,1,6.0
1,1,2001,9,7900.0,1,17.0,24.0,3,5.4,5.4,106700.0,4.5,2,0,2,1,5.0
1,1,2006,15,5890.0,1,14.0,20.0,1,4.6,4.6,146852.0,4.3,3,2,1,1,6.0
1,1,2017,5,35000.0,1,16.0,23.0,2,5.3,5.3,36679.0,4.6,1,7,2,1,6.0
1,1,2015,40,17959.0,1,18.0,24.0,1,3.7,3.7,9834.0,4.3,2,2,1,1,7.0
1,1,2016,5,36401.0,4,25.0,31.0,2,6.6,6.6,56735.0,4.4,1,5,1,1,6.0
1,1,2018,47,35000.0,1,16.0,23.0,2,5.3,5.3,16849.0,5.0,1,8,1,1,6.0
1,1,2018,2,22469.0,1,18.0,26.0,0,3.6,3.6,8741.0,4.7,1,6,1,1,9.0
1,1,2016,41,32992.0,1,17.0,26.0,3,3.0,3.0,31587.0,4.6,2,4,2,1,7.0
1,0,2019,37,31998.0,1,17.0,26.0,1,2.7,2.7,3.0,4.5,1,8,2,1,6.0
1,1,2018,32,39992.0,1,17.0,23.0,1,3.6,3.6,9876.0,4.9,4,4,2,1,8.0
1,1,2017,14,22799.0,1,18.0,25.0,1,3.6,3.6,36270.0,4.7,1,4,2,1,8.0
1,1,2014,29,18900.0,3,24.0,30.0,1,2.0,2.0,37000.0,5.0,2,4,2,1,8.0
1,1,2014,29,16000.0,1,25.0,31.0,1,3.0,3.0,62000.0,4.8,2,0,2,1,8.0
1,1,2014,42,55055.0,1,16.0,23.0,1,3.8,3.8,36912.0,4.8,1,7,2,1,6.0
1,1,2016,5,10389.0,1,27.0,37.0,0,1.5,1.5,37212.0,4.6,1,9,1,1,6.0
1,1,2012,8,6995.0,1,23.0,31.0,0,2.5,2.5,45295.0,4.3,3,4,2,1,6.0
1,1,2016,42,16999.0,1,16.0,21.0,2,4.0,4.0,74760.0,4.7,1,9,2,1,5.0
1,1,2016,47,20000.0,1,15.0,22.0,1,3.6,3.6,29938.0,4.4,1,4,1,1,6.0
1,1,2015,0,11999.0,1,18.0,25.0,0,3.5,3.5,86752.0,4.6,1,8,0,1,6.0
1,1,2016,41,14068.0,1,22.0,34.0,3,2.0,2.0,38212.0,4.6,2,9,2,1,8.0
1,1,2018,2,28789.0,1,18.0,26.0,1,3.6,3.6,3182.0,4.7,1,5,1,1,9.0
1,1,2017,4,39992.0,1,15.0,23.0,1,5.0,5.0,21972.0,4.8,2,7,1,1,8.0
1,1,2018,3,10399.0,1,24.0,30.0,0,1.6,1.6,10150.0,4.9,1,4,2,0,6.0
1,1,2019,0,22492.0,1,19.0,27.0,0,3.5,3.5,11386.0,4.4,1,6,2,1,8.0
1,1,2018,47,44544.0,1,14.0,23.0,2,6.2,6.2,20225.0,4.8,1,4,2,1,10.0
1,1,2017,2,20436.0,1,15.0,22.0,1,3.6,3.6,21575.0,4.8,1,6,1,1,6.0
1,1,2018,12,52500.0,2,102.0,105.0,1,2.3,2.3,10823.0,4.9,3,0,6,1,1.0
1,1,2015,12,32500.0,2,88.0,90.0,3,2.3,2.3,22233.0,4.8,3,4,1,1,1.0
1,0,2020,31,22696.0,3,57.0,59.0,0,1.6,1.6,8.0,5.0,1,8,2,1,6.0
1,1,2019,5,27479.0,1,18.0,27.0,0,3.6,3.6,2421.0,4.5,1,11,0,1,9.0
1,1,2019,3,25489.0,1,18.0,24.0,0,3.3,3.3,16788.0,4.6,1,6,0,1,8.0
1,0,2019,37,22375.0,1,23.0,29.0,2,2.0,2.0,15.0,3.9,1,2,2,1,6.0
1,1,2016,5,18000.0,1,15.0,22.0,1,3.6,3.6,38339.0,4.6,1,7,2,1,6.0
1,1,2017,37,25000.0,1,16.0,22.0,2,3.5,3.5,27362.0,4.7,1,9,2,1,6.0
1,1,2018,38,16589.0,1,23.0,32.0,0,2.0,2.0,10854.0,4.8,3,6,2,1,6.0
1,1,2018,12,33992.0,2,120.0,112.0,3,2.3,2.3,13905.0,4.5,3,7,2,1,1.0
1,1,2019,5,24379.0,1,17.0,25.0,0,3.6,3.6,13695.0,4.5,1,5,2,1,9.0
1,1,2014,43,31992.0,1,14.0,19.0,3,6.2,6.2,31330.0,5.0,1,4,2,0,6.0
1,0,2020,37,23556.0,1,23.0,29.0,2,2.0,2.0,3.0,4.2,1,9,2,1,6.0
1,1,2018,33,29479.0,1,22.0,28.0,0,2.0,2.0,8537.0,4.6,1,5,4,0,6.0
1,1,2017,25,24599.0,1,20.0,26.0,1,2.5,2.5,11225.0,4.6,3,9,1,1,6.0
1,1,2016,43,16979.0,1,17.0,24.0,0,3.6,3.6,19443.0,4.6,1,6,8,1,6.0
1,1,2014,34,21690.0,1,18.0,27.0,1,3.5,3.5,34750.0,4.6,3,9,8,1,6.0
1,1,2015,29,26100.0,4,25.0,31.0,1,3.0,3.0,42160.0,4.7,2,0,2,1,8.0
1,0,2020,37,25211.0,1,23.0,29.0,2,2.0,2.0,9.0,4.2,1,9,2,1,6.0
1,1,2018,40,26287.0,1,18.0,24.0,1,3.7,3.7,13405.0,5.0,2,4,3,1,7.0
1,1,2019,33,22899.0,1,20.0,25.0,1,3.5,3.5,1553.0,4.5,1,8,2,1,9.0
1,1,2017,5,27500.0,1,16.0,18.0,2,3.6,3.6,21714.0,4.7,1,9,2,1,8.0
1,1,2017,12,54992.0,2,90.0,94.0,1,2.3,2.3,16333.0,4.7,3,7,2,1,1.0
1,1,2016,43,22542.0,1,18.0,27.0,1,3.6,3.6,60571.0,4.6,1,4,1,1,8.0
1,1,2018,37,25499.0,1,16.0,22.0,2,3.5,3.5,23169.0,4.9,1,4,2,1,6.0
1,1,2018,47,22000.0,1,21.0,26.0,1,3.6,3.6,3956.0,4.7,1,7,2,1,6.0
1,1,2017,22,28999.0,1,15.0,21.0,2,5.7,5.7,23825.0,4.8,1,11,8,1,8.0
1,1,2018,29,27492.0,1,25.0,31.0,1,2.0,2.0,13919.0,4.8,2,4,2,1,7.0
1,1,2017,9,16979.0,0,23.0,32.0,1,2.0,2.0,23200.0,4.5,2,4,2,1,7.0
1,1,2016,37,21500.0,0,25.0,31.0,2,5.0,5.0,78564.0,4.7,1,9,0,1,6.0
1,1,2012,19,9660.0,1,18.0,28.0,0,2.5,2.5,93449.0,4.4,2,4,2,1,5.0
1,0,2020,37,22982.0,1,23.0,29.0,2,2.0,2.0,3.0,4.2,1,9,2,1,6.0
1,1,2017,3,11900.0,1,21.0,25.0,0,3.3,3.3,35000.0,4.9,1,0,2,1,6.0
1,0,2020,43,52644.0,1,21.0,31.0,1,2.0,2.0,2.0,4.4,1,5,2,1,10.0
1,1,2015,11,16900.0,1,19.0,26.0,1,2.3,2.3,36000.0,4.6,3,4,2,1,6.0
1,1,2016,5,11559.0,1,25.0,31.0,0,1.4,1.4,32192.0,4.5,1,6,2,1,6.0
1,1,2017,2,13900.0,0,22.0,29.0,0,2.5,2.5,26000.0,4.9,1,4,2,1,6.0
1,1,2019,5,27879.0,1,18.0,27.0,0,3.6,3.6,4072.0,4.5,1,5,0,1,9.0
1,1,2014,40,16789.0,1,17.0,24.0,1,3.7,3.7,31254.0,4.9,2,7,3,1,7.0
1,1,2014,42,17500.0,1,18.0,26.0,3,3.7,3.7,26395.0,4.7,1,9,2,1,7.0
1,1,2019,37,25499.0,1,15.0,21.0,1,3.5,3.5,13817.0,4.9,1,6,1,1,6.0
1,1,2017,43,26889.0,1,18.0,27.0,1,3.6,3.6,13838.0,4.8,1,4,2,1,8.0
1,1,2007,21,4138.0,1,23.0,32.0,0,2.0,2.0,107058.0,4.0,2,9,1,1,6.0
1,1,2019,37,23299.0,1,17.0,24.0,0,3.5,3.5,3026.0,4.8,1,4,2,1,6.0
1,1,2015,29,22500.0,1,17.0,26.0,1,3.0,3.0,23582.0,4.9,2,4,2,0,6.0
1,1,2014,5,8172.0,1,26.0,38.0,0,1.4,1.4,65375.0,4.5,1,4,2,1,6.0
1,1,2014,43,29000.0,1,14.0,18.0,1,6.2,6.2,24801.0,4.8,1,7,2,1,6.0
1,0,2020,37,26099.0,1,23.0,29.0,2,2.0,2.0,10.0,4.2,1,9,2,1,6.0
1,1,2016,2,15459.0,1,15.0,22.0,0,3.6,3.6,40578.0,4.4,1,4,2,1,6.0
1,0,2020,37,25582.0,1,23.0,29.0,2,2.0,2.0,10.0,4.2,1,7,2,1,6.0
1,1,2018,27,18000.0,1,23.0,29.0,1,2.0,2.0,14450.0,4.9,2,10,0,0,6.0
1,1,2018,11,27769.0,1,17.0,25.0,1,3.7,3.7,10807.0,4.6,3,0,2,1,6.0
1,1,2019,12,37992.0,2,120.0,112.0,1,2.3,2.3,4206.0,5.0,3,0,2,1,1.0
1,1,2016,1,9179.0,1,23.0,36.0,0,2.4,2.4,34238.0,4.5,2,4,2,1,9.0
1,1,2018,25,12979.0,1,25.0,34.0,0,2.5,2.5,32304.0,4.8,3,9,2,1,6.0
1,1,2017,40,36499.0,1,13.0,19.0,1,5.6,5.6,23570.0,4.8,2,9,8,1,7.0
1,0,2019,2,31498.0,1,21.0,27.0,1,2.5,2.5,4647.0,4.7,1,4,2,1,6.0
1,1,2018,11,26992.0,1,18.0,27.0,1,3.0,3.0,7483.0,4.8,3,2,2,1,6.0
1,1,2012,2,12341.0,1,17.0,24.0,0,3.6,3.6,89581.0,4.7,1,0,1,1,6.0
1,1,2019,0,17879.0,1,21.0,28.0,3,2.0,2.0,405.0,5.0,1,2,2,1,6.0
1,0,2020,37,22988.0,1,23.0,29.0,2,2.0,2.0,477.0,4.2,1,7,2,1,6.0
1,1,2016,3,12000.0,1,24.0,35.0,0,2.4,2.4,44089.0,4.8,1,6,2,1,6.0
1,1,2016,33,22992.0,1,18.0,26.0,1,3.5,3.5,39855.0,4.6,1,0,2,1,6.0
1,1,2017,47,21499.0,1,18.0,25.0,0,3.6,3.6,25561.0,4.6,1,7,2,1,6.0
1,1,2015,37,16882.0,1,25.0,31.0,3,3.5,3.5,97522.0,3.9,1,9,2,1,6.0
1,0,2020,3,16490.0,1,31.0,41.0,0,2.0,2.0,7.0,4.5,1,9,2,0,6.0
1,1,2017,40,14250.0,1,21.0,30.0,0,2.0,2.0,33633.0,4.1,2,6,1,1,7.0
1,0,2020,11,93812.0,1,16.0,22.0,2,3.5,3.5,4.0,5.0,3,9,2,1,10.0
1,1,2018,37,26342.0,1,25.0,31.0,2,3.5,3.5,20782.0,4.9,1,9,1,1,6.0
1,1,2009,41,8900.0,1,14.0,22.0,3,4.4,4.4,85000.0,4.2,2,4,1,1,6.0
1,0,2020,31,22690.0,3,57.0,59.0,0,1.6,1.6,8.0,5.0,1,9,0,1,6.0
1,1,2006,27,8119.0,1,21.0,27.0,1,2.5,2.5,149742.0,4.6,2,8,0,0,5.0
1,1,2017,37,9299.0,0,26.0,36.0,0,2.0,2.0,29527.0,4.8,1,9,2,1,6.0
1,1,2017,5,18000.0,1,15.0,22.0,1,3.6,3.6,38400.0,4.8,1,7,1,1,6.0
1,1,2013,0,16499.0,1,16.0,20.0,2,5.7,5.7,94695.0,4.5,1,9,3,1,6.0
1,0,2020,5,38775.0,2,127.0,108.0,0,2.3,2.3,8.0,4.6,1,9,1,1,1.0
1,1,2018,5,11779.0,1,29.0,38.0,0,1.4,1.4,18346.0,4.7,1,7,2,1,6.0
1,1,2015,42,15003.0,1,13.0,19.0,2,5.6,5.6,44476.0,4.6,1,5,2,1,5.0
1,0,2020,37,25540.0,1,23.0,29.0,2,2.0,2.0,10.0,4.2,1,9,1,1,6.0
1,1,1992,42,12998.0,1,19.0,24.0,0,3.0,3.0,84550.0,4.7,1,6,0,0,5.0
1,1,2017,25,12747.0,1,25.0,33.0,0,2.5,2.5,17888.0,4.7,3,9,2,1,6.0
1,1,2017,5,10989.0,1,28.0,39.0,0,1.4,1.4,25845.0,4.8,1,6,2,1,6.0
1,1,2017,25,12000.0,1,28.0,37.0,0,2.0,2.0,21085.0,4.7,3,4,2,1,6.0
1,1,2015,3,10992.0,1,23.0,34.0,0,2.4,2.4,58283.0,4.7,1,9,2,1,6.0
1,1,2019,0,19927.0,1,21.0,28.0,3,2.0,2.0,1509.0,5.0,1,2,2,1,6.0
1,0,2020,43,52644.0,1,21.0,31.0,1,2.0,2.0,2.0,4.4,1,5,2,1,10.0
1,1,2016,34,16289.0,1,25.0,31.0,0,2.4,2.4,10109.0,4.2,3,8,0,1,8.0
1,1,2016,5,11559.0,1,25.0,31.0,0,1.4,1.4,32192.0,4.5,1,6,2,1,6.0
1,0,2019,37,31786.0,1,25.0,31.0,3,3.5,3.5,10.0,3.8,1,9,2,1,6.0
1,0,2020,37,25211.0,1,23.0,29.0,2,2.0,2.0,10.0,4.2,1,4,2,1,6.0
1,0,2020,37,25540.0,1,23.0,29.0,2,2.0,2.0,10.0,4.2,1,4,2,1,6.0
1,1,2018,2,17779.0,0,22.0,29.0,0,2.5,2.5,10856.0,4.8,1,7,2,1,6.0
1,1,2011,21,8200.0,0,17.0,25.0,0,3.6,3.6,114459.0,4.6,2,4,0,1,6.0
1,1,2011,21,7995.0,4,30.0,42.0,0,2.0,2.0,58420.0,4.6,2,8,2,1,6.0
1,1,2015,47,15492.0,1,16.0,23.0,1,3.6,3.6,38912.0,4.7,1,6,2,1,6.0
1,0,2020,37,25582.0,1,23.0,29.0,2,2.0,2.0,10.0,4.2,1,8,2,1,6.0
1,1,2003,29,5305.0,1,16.0,23.0,1,2.7,2.7,97170.0,4.0,2,3,2,1,5.0
1,1,2017,37,44492.0,1,25.0,31.0,2,3.5,3.5,24094.0,4.9,1,4,2,1,10.0
1,1,2016,18,20000.0,1,19.0,26.0,2,3.6,3.6,31157.0,4.8,2,4,2,1,8.0
1,0,2020,37,25211.0,1,23.0,29.0,2,2.0,2.0,10.0,4.2,1,5,2,1,6.0
1,1,2018,12,34992.0,2,120.0,112.0,1,2.3,2.3,12889.0,4.5,3,7,2,1,1.0
1,1,2017,31,18145.0,1,20.0,26.0,1,2.4,2.4,36357.0,4.8,1,9,8,1,6.0
1,1,2017,37,25000.0,1,16.0,22.0,2,3.5,3.5,48108.0,4.7,1,9,1,1,6.0
1,1,2017,37,12000.0,0,17.0,24.0,0,3.5,3.5,12202.0,4.6,1,6,1,1,6.0
1,1,2019,5,26999.0,1,18.0,27.0,0,3.6,3.6,5034.0,4.5,1,9,1,1,9.0
1,1,2013,3,10000.0,1,22.0,34.0,0,2.0,2.0,54893.0,4.6,1,5,2,1,6.0
1,0,2020,3,16490.0,1,31.0,41.0,0,2.0,2.0,5.0,4.5,1,9,2,0,6.0
1,1,2016,40,32490.0,1,13.0,19.0,1,5.6,5.6,26863.0,4.6,2,9,3,1,7.0
1,1,2012,31,8742.0,1,24.0,35.0,0,2.4,2.4,94950.0,4.4,1,2,8,1,6.0
1,1,2017,31,17100.0,1,20.0,26.0,1,2.4,2.4,38925.0,4.8,1,8,8,1,6.0
1,1,2018,43,52989.0,1,14.0,21.0,2,6.2,6.2,19782.0,4.9,1,4,2,1,10.0
1,1,2017,18,22999.0,1,19.0,26.0,2,3.6,3.6,28306.0,4.8,2,7,2,1,8.0
1,1,2018,0,16992.0,1,19.0,27.0,0,3.5,3.5,43539.0,4.7,1,6,2,1,8.0
1,1,2014,0,15492.0,1,18.0,25.0,0,3.5,3.5,57009.0,4.6,1,0,2,1,6.0
1,0,2019,11,83665.0,1,25.0,31.0,2,3.5,3.5,4.0,4.0,3,6,2,1,10.0
1,0,2020,37,22946.0,1,23.0,29.0,2,2.0,2.0,3.0,4.2,1,5,2,1,6.0
1,1,2018,21,15000.0,1,25.0,31.0,0,2.0,2.0,19000.0,4.8,2,7,2,1,6.0
1,0,2019,37,22793.0,1,23.0,29.0,2,2.0,2.0,10.0,3.9,1,4,2,1,6.0
1,1,2019,37,36799.0,1,16.0,22.0,2,3.5,3.5,11969.0,4.8,1,4,1,1,6.0
1,1,2013,29,9995.0,1,25.0,31.0,1,2.0,2.0,61786.0,4.2,2,0,2,1,8.0
1,1,2018,37,31492.0,1,17.0,23.0,3,3.5,3.5,29439.0,4.9,1,4,2,1,10.0
1,0,2020,5,19682.0,1,26.0,34.0,0,1.4,1.4,4.0,4.5,1,9,2,1,6.0
1,0,2020,37,25336.0,1,23.0,29.0,2,2.0,2.0,7.0,4.2,1,9,2,1,6.0
1,1,2011,21,6995.0,4,30.0,42.0,0,2.0,2.0,100590.0,4.6,2,0,2,1,6.0
1,0,2020,43,36989.0,1,23.0,32.0,3,2.0,2.0,19.0,4.4,1,9,2,1,10.0
1,1,2017,42,26999.0,1,15.0,21.0,2,5.6,5.6,29945.0,4.8,1,9,2,1,7.0
1,1,2017,31,15022.0,1,22.0,31.0,0,2.0,2.0,7424.0,4.8,1,6,0,1,6.0
1,1,2019,3,11989.0,1,24.0,30.0,0,1.6,1.6,6281.0,4.8,1,7,2,1,6.0
1,1,2017,47,17389.0,1,21.0,25.0,0,2.5,2.5,5249.0,4.6,1,8,2,1,6.0
1,1,2015,1,6995.0,1,23.0,36.0,0,2.4,2.4,80490.0,4.3,2,4,2,1,9.0
1,0,2020,37,25540.0,1,23.0,29.0,2,2.0,2.0,10.0,4.2,1,5,2,1,6.0
1,1,2015,40,14589.0,1,19.0,27.0,1,3.7,3.7,48536.0,4.7,2,7,3,1,7.0
1,0,2020,37,25136.0,1,23.0,29.0,2,2.0,2.0,31.0,4.2,1,7,2,1,6.0
1,1,2017,5,16459.0,1,15.0,22.0,1,3.6,3.6,20278.0,4.8,1,9,2,1,6.0
1,1,2017,37,18889.0,1,16.0,23.0,1,3.5,3.5,23111.0,4.9,1,6,2,1,6.0
1,1,2016,2,14989.0,1,28.0,34.0,1,1.4,1.4,16636.0,4.7,1,9,2,1,6.0
1,1,2018,5,10199.0,1,27.0,40.0,0,1.4,1.4,25543.0,4.7,1,8,2,1,6.0
1,1,2019,5,31479.0,1,18.0,27.0,1,3.6,3.6,4762.0,4.5,1,9,2,1,9.0
1,1,2017,37,18992.0,1,17.0,24.0,1,2.7,2.7,289.0,4.8,1,4,2,1,6.0
1,1,2015,47,33699.0,0,25.0,31.0,2,6.0,6.0,25000.0,4.7,1,4,2,1,6.0
1,1,2018,43,52222.0,1,14.0,21.0,3,6.2,6.2,14782.0,5.0,1,9,2,1,8.0
1,1,2019,33,25000.0,1,18.0,26.0,1,3.5,3.5,5060.0,4.7,1,9,8,1,6.0
1,1,2018,0,18492.0,1,19.0,27.0,0,3.5,3.5,25550.0,4.7,1,9,2,1,8.0
1,1,2017,29,19920.0,1,25.0,31.0,0,2.0,2.0,8455.0,4.4,2,4,2,1,6.0
1,0,2019,37,20747.0,1,23.0,29.0,2,2.0,2.0,2297.0,3.9,1,2,2,1,6.0
1,1,2018,42,25979.0,1,25.0,31.0,2,5.6,5.6,18403.0,4.5,1,0,2,1,7.0
1,1,2017,43,19992.0,1,18.0,28.0,1,3.6,3.6,30022.0,4.6,1,0,2,1,6.0
1,1,2016,3,12189.0,1,24.0,35.0,0,2.4,2.4,25899.0,4.8,1,0,0,1,6.0
1,1,2017,14,12588.0,1,19.0,25.0,0,2.4,2.4,19687.0,4.7,1,7,2,1,4.0
1,1,2018,5,14259.0,1,22.0,30.0,0,3.6,3.6,4504.0,4.8,1,7,2,1,6.0
1,1,2017,37,16589.0,1,23.0,30.0,2,2.0,2.0,13881.0,4.7,1,4,2,1,6.0
1,0,2020,43,53244.0,1,21.0,31.0,1,2.0,2.0,3.0,4.4,1,9,8,1,10.0
1,0,2020,37,26040.0,1,23.0,29.0,2,2.0,2.0,10.0,4.2,1,5,2,1,6.0
1,0,2020,2,21972.0,1,25.0,30.0,1,1.4,1.4,5.0,4.8,1,7,2,1,6.0
1,1,2016,37,10900.0,1,22.0,31.0,0,2.5,2.5,21650.0,4.7,1,2,2,1,6.0
1,0,2020,37,18476.0,1,23.0,29.0,0,1.0,1.0,7.0,4.2,1,9,1,1,6.0
1,1,2002,21,27500.0,1,17.0,20.0,0,2.8,2.8,98295.0,5.0,2,7,0,1,4.0
3,0,2020,5,18407.0,1,26.0,31.0,0,1.4,1.4,5.0,4.6,1,0,2,1,6.0
3,1,2013,8,11490.0,1,25.0,31.0,0,1.8,1.8,40379.0,4.0,3,9,2,0,5.0
3,0,2020,5,18398.0,1,26.0,31.0,0,1.4,1.4,11.0,4.6,1,7,2,1,6.0
3,0,2020,5,18854.0,1,26.0,31.0,0,1.4,1.4,9.0,4.6,1,4,2,1,6.0
3,0,2020,5,18403.0,1,26.0,31.0,0,1.4,1.4,5.0,4.6,1,5,2,1,6.0
3,0,2020,5,18403.0,1,26.0,31.0,0,1.4,1.4,5.0,4.6,1,4,2,1,6.0
3,1,2006,40,4977.0,1,17.0,23.0,3,4.5,4.5,180786.0,5.0,2,8,0,1,5.0
3,1,2018,22,19800.0,1,25.0,31.0,0,3.6,3.6,40575.0,4.0,1,9,2,1,6.0
3,1,2013,5,10479.0,1,11.0,17.0,3,4.8,4.8,142000.0,3.5,1,9,0,1,6.0
3,0,2020,5,18407.0,1,26.0,31.0,0,1.4,1.4,5.0,4.6,1,4,2,1,6.0
3,0,2020,5,18407.0,1,26.0,31.0,0,1.4,1.4,5.0,4.6,1,9,2,1,6.0
3,0,2020,5,18407.0,1,26.0,31.0,0,1.4,1.4,5.0,4.6,1,9,2,1,6.0
3,1,2017,37,13999.0,1,23.0,30.0,2,1.5,1.5,20444.0,4.7,1,5,2,1,6.0
3,0,2020,5,18993.0,1,26.0,31.0,0,1.4,1.4,5.0,4.6,1,9,2,1,6.0
3,0,2020,5,18407.0,1,26.0,31.0,0,1.4,1.4,10.0,4.6,1,0,2,1,6.0
3,0,2020,5,18854.0,1,26.0,31.0,0,1.4,1.4,10.0,4.6,1,0,2,1,6.0
3,0,2020,5,18854.0,1,26.0,31.0,0,1.4,1.4,30.0,4.6,1,9,2,1,6.0
3,1,2011,16,64900.0,0,10.0,17.0,1,6.0,6.0,44264.0,5.0,3,3,1,1,6.0
3,0,2020,5,18993.0,1,26.0,31.0,0,1.4,1.4,5.0,4.6,1,9,2,1,6.0
3,0,2020,5,18407.0,1,26.0,31.0,0,1.4,1.4,5.0,4.6,1,4,2,1,6.0
3,0,2020,5,18890.0,1,26.0,31.0,0,1.4,1.4,10.0,4.6,1,7,2,1,6.0
3,1,2008,37,3995.0,0,25.0,31.0,3,4.6,4.6,90403.0,4.5,1,2,1,1,4.0
3,1,2010,44,6990.0,1,18.0,26.0,3,2.5,2.5,79986.0,4.6,2,5,2,1,6.0
3,0,2019,5,24167.0,1,24.0,29.0,0,1.4,1.4,31.0,4.3,1,7,2,1,6.0
3,0,2020,5,18407.0,1,26.0,31.0,0,1.4,1.4,5.0,4.6,1,9,2,1,6.0
3,0,2020,5,18407.0,1,26.0,31.0,0,1.4,1.4,10.0,4.6,1,7,2,1,6.0
3,0,2020,5,18407.0,1,26.0,31.0,0,1.4,1.4,3959.0,4.6,1,0,2,1,6.0
3,0,2020,5,19908.0,1,26.0,31.0,0,1.4,1.4,5551.0,4.6,1,9,2,1,6.0
3,0,2020,5,18407.0,1,26.0,31.0,0,1.4,1.4,5.0,4.6,1,9,2,1,6.0
3,0,2020,5,18403.0,1,26.0,31.0,0,1.4,1.4,5.0,4.6,1,0,2,1,6.0
3,1,2016,43,16479.0,1,22.0,30.0,3,2.0,2.0,16500.0,4.6,1,4,2,1,8.0
3,0,2020,5,18407.0,1,26.0,31.0,0,1.4,1.4,5.0,4.6,1,4,2,1,6.0
3,1,2004,42,6995.0,1,19.0,26.0,3,3.5,3.5,160333.0,4.8,1,8,2,1,5.0
3,1,2012,9,15900.0,1,25.0,31.0,1,3.5,3.5,63872.0,4.5,2,7,8,1,7.0
3,0,2020,5,18407.0,1,26.0,31.0,0,1.4,1.4,10.0,4.6,1,7,2,1,6.0
3,0,2020,5,18997.0,1,26.0,31.0,0,1.4,1.4,5.0,4.6,1,9,2,1,6.0
3,1,2019,10,229950.0,1,12.0,17.0,1,4.0,4.0,12929.0,5.0,3,9,4,1,8.0
3,1,2017,46,40599.0,1,14.0,20.0,1,3.0,3.0,32194.0,4.2,4,4,2,1,8.0
3,1,2010,3,3995.0,1,28.0,34.0,0,1.6,1.6,91728.0,3.7,1,7,0,1,4.0
3,1,2018,41,22800.0,1,23.0,32.0,0,2.0,2.0,18281.0,4.8,2,0,1,1,8.0
3,1,2016,40,21997.0,1,18.0,24.0,1,3.7,3.7,63155.0,5.0,2,5,3,1,7.0
3,0,2020,18,21213.0,1,24.0,32.0,0,1.3,1.3,3.0,4.6,2,5,2,1,9.0
3,0,2020,5,18407.0,1,26.0,31.0,0,1.4,1.4,5.0,4.6,1,4,2,1,6.0
3,1,2010,9,7490.0,1,18.0,26.0,3,3.0,3.0,100309.0,4.7,2,4,2,1,7.0
3,0,2019,14,17860.0,1,19.0,25.0,0,2.4,2.4,20.0,3.8,1,0,2,1,4.0
3,1,2016,3,5995.0,1,25.0,37.0,0,1.8,1.8,76540.0,4.7,1,4,2,1,6.0
3,0,2020,5,18407.0,1,26.0,31.0,0,1.4,1.4,5.0,4.6,1,4,2,1,6.0
3,1,2018,22,19800.0,1,25.0,31.0,0,3.6,3.6,40575.0,4.0,1,9,2,1,6.0
3,1,2015,13,6991.0,1,24.0,30.0,0,2.0,2.0,92266.0,4.5,2,9,2,1,4.0
3,0,2020,18,22390.0,1,22.0,31.0,2,2.4,2.4,3.0,4.8,2,2,2,1,9.0
3,0,2018,13,31794.0,3,25.0,31.0,2,2.0,2.0,10.0,4.8,2,9,2,1,1.0
3,1,2017,14,11700.0,1,19.0,25.0,0,3.6,3.6,46181.0,4.7,1,4,2,1,6.0
3,0,2020,5,15737.0,1,26.0,31.0,0,1.4,1.4,8.0,4.6,1,4,2,1,6.0
3,1,2003,37,3990.0,1,16.0,20.0,3,4.0,4.0,108896.0,4.7,1,3,8,1,5.0
3,0,2020,5,14907.0,1,26.0,31.0,0,1.4,1.4,5.0,4.6,1,5,2,1,6.0
3,1,2016,43,31999.0,1,17.0,23.0,3,3.6,3.6,33200.0,4.6,1,9,2,1,8.0
3,0,2020,5,15390.0,1,26.0,31.0,0,1.4,1.4,10.0,4.6,1,4,2,1,6.0
3,0,2020,5,15354.0,1,26.0,31.0,0,1.4,1.4,5.0,4.6,1,9,2,1,6.0
3,0,2020,5,14898.0,1,26.0,31.0,0,1.4,1.4,5.0,4.6,1,9,2,1,6.0
3,0,2019,14,22955.0,1,16.0,24.0,0,2.4,2.4,11.0,3.8,1,0,2,1,4.0
3,0,2018,13,31994.0,3,25.0,31.0,2,2.0,2.0,10.0,4.8,2,2,2,1,1.0
3,0,2020,5,15731.0,1,26.0,31.0,0,1.4,1.4,4331.0,4.6,1,7,2,1,6.0
3,1,2017,21,12798.0,1,25.0,35.0,0,1.8,1.8,29954.0,4.8,2,4,8,1,6.0
3,0,2020,5,14907.0,1,26.0,31.0,0,1.4,1.4,5.0,4.6,1,9,2,1,6.0
3,0,2020,2,35960.0,1,18.0,26.0,0,3.6,3.6,4512.0,4.8,1,4,1,1,9.0
3,1,2007,39,6299.0,1,18.0,27.0,0,5.3,5.3,81183.0,4.4,3,7,2,1,4.0
3,0,2020,5,15390.0,1,26.0,31.0,0,1.4,1.4,3011.0,4.6,1,9,2,1,6.0
3,1,2017,5,14295.0,1,21.0,31.0,0,2.4,2.4,27951.0,4.8,1,6,2,1,6.0
3,0,2020,5,14907.0,1,26.0,31.0,0,1.4,1.4,5.0,4.6,1,9,2,1,6.0
3,0,2020,5,14907.0,1,26.0,31.0,0,1.4,1.4,10.0,4.6,1,7,2,1,6.0
3,0,2020,5,14907.0,1,26.0,31.0,0,1.4,1.4,5.0,4.6,1,4,2,1,6.0
3,1,2015,1,5999.0,1,23.0,36.0,0,2.4,2.4,69529.0,4.3,2,8,2,1,9.0
3,0,2019,14,20072.0,1,19.0,25.0,0,2.4,2.4,11.0,3.8,1,9,2,1,4.0
3,0,2020,5,14903.0,1,26.0,31.0,0,1.4,1.4,3.0,4.6,1,7,2,1,6.0
3,0,2019,43,27624.0,1,24.0,30.0,0,2.0,2.0,6467.0,3.2,1,6,2,1,9.0
3,0,2020,5,17796.0,1,26.0,31.0,0,1.4,1.4,5.0,4.6,1,9,2,1,6.0
3,0,2020,18,18565.0,1,22.0,31.0,0,2.4,2.4,3.0,4.8,2,9,2,1,6.0
3,0,2020,18,24129.0,1,22.0,27.0,2,1.3,1.3,3.0,4.6,2,9,2,1,9.0
3,0,2019,22,24368.0,0,25.0,31.0,3,3.6,3.6,10.0,4.5,1,4,0,1,8.0
3,0,2020,5,16586.0,1,26.0,31.0,0,1.4,1.4,5.0,4.6,1,9,2,1,6.0
3,0,2019,14,19627.0,1,19.0,25.0,0,2.4,2.4,11.0,3.8,1,4,2,1,4.0
3,1,2014,33,11697.0,1,22.0,31.0,0,3.5,3.5,78923.0,4.9,1,9,1,1,6.0
3,0,2020,18,18251.0,1,22.0,31.0,0,2.4,2.4,10.0,4.8,2,9,2,1,6.0
3,1,2010,44,12999.0,1,18.0,25.0,3,3.5,3.5,75062.0,4.9,2,9,8,1,6.0
3,0,2019,14,19219.0,1,19.0,25.0,0,3.6,3.6,10.0,3.8,1,4,2,1,6.0
3,0,2020,18,24308.0,1,22.0,27.0,2,1.3,1.3,3.0,4.6,2,4,2,1,9.0
3,0,2018,18,16847.0,1,24.0,31.0,0,2.4,2.4,25.0,4.7,2,6,2,1,9.0
3,0,2019,14,19627.0,1,19.0,25.0,0,2.4,2.4,11.0,3.8,1,4,2,1,4.0
3,0,2019,43,33798.0,1,24.0,30.0,0,2.0,2.0,11.0,3.2,1,6,2,1,9.0
3,0,2020,47,21500.0,1,26.0,30.0,0,1.5,1.5,7.0,4.4,1,4,2,1,9.0
3,0,2020,2,52590.0,1,18.0,26.0,0,3.6,3.6,123.0,4.8,1,5,1,1,9.0
3,0,2020,2,35960.0,1,18.0,26.0,0,3.6,3.6,4833.0,4.8,1,4,1,1,9.0
3,0,2020,3,22840.0,1,25.0,32.0,0,1.6,1.6,9.0,4.5,1,6,2,0,6.0
3,1,2017,5,10700.0,1,20.0,28.0,0,2.4,2.4,43924.0,4.8,1,8,2,1,6.0
3,1,2017,37,10497.0,1,21.0,32.0,0,2.5,2.5,67416.0,4.9,1,2,1,1,6.0
3,0,2020,33,46755.0,1,19.0,26.0,1,3.5,3.5,11.0,4.0,1,4,2,1,9.0
3,0,2019,14,19155.0,1,19.0,25.0,0,2.4,2.4,6.0,3.8,1,4,2,1,4.0
3,0,2020,41,83495.0,1,14.0,19.0,1,3.0,3.0,32.0,5.0,2,9,2,1,8.0
3,0,2020,41,83495.0,1,14.0,19.0,1,3.0,3.0,17.0,5.0,2,9,2,1,8.0
3,0,2018,18,16797.0,1,24.0,31.0,0,2.4,2.4,11.0,4.7,2,6,2,1,9.0
3,0,2020,5,17801.0,1,26.0,31.0,0,1.4,1.4,5.0,4.6,1,4,2,1,6.0
3,0,2020,5,17801.0,1,26.0,31.0,0,1.4,1.4,5.0,4.6,1,9,2,1,6.0
3,1,2016,41,24497.0,1,17.0,25.0,3,4.4,4.4,45853.0,4.9,2,9,8,1,8.0
3,1,2019,0,14491.0,1,28.0,39.0,0,2.5,2.5,27239.0,4.7,1,11,1,1,8.0
3,1,2017,37,13999.0,1,23.0,30.0,2,1.5,1.5,20444.0,4.7,1,5,2,1,6.0
3,0,2019,14,19155.0,1,19.0,25.0,0,2.4,2.4,12.0,3.8,1,9,2,1,4.0
3,1,2018,5,12999.0,1,24.0,30.0,0,1.4,1.4,23147.0,4.6,1,0,2,1,6.0
3,1,2015,41,13597.0,1,22.0,32.0,1,2.0,2.0,70563.0,4.9,2,4,2,1,8.0
3,1,2018,37,11691.0,1,23.0,30.0,0,1.5,1.5,46284.0,4.8,1,6,2,1,6.0
3,0,2020,2,44875.0,1,18.0,26.0,0,3.6,3.6,167.0,4.8,1,9,1,1,9.0
3,1,2013,14,3991.0,1,21.0,29.0,0,2.4,2.4,107068.0,4.2,1,8,0,1,4.0
3,1,2008,44,33995.0,1,16.0,23.0,3,5.0,5.0,23211.0,5.0,2,0,2,1,8.0
3,1,2009,46,16999.0,1,11.0,18.0,3,4.7,4.7,67641.0,5.0,4,2,1,1,6.0
3,0,2020,2,33523.0,1,18.0,26.0,0,3.6,3.6,31.0,4.8,1,0,1,1,9.0
3,0,2020,2,43300.0,1,18.0,26.0,0,3.6,3.6,40.0,4.8,1,6,1,1,9.0
3,0,2020,5,16586.0,1,26.0,31.0,0,1.4,1.4,5.0,4.6,1,4,2,1,6.0
3,0,2018,18,15917.0,1,24.0,31.0,0,2.4,2.4,10.0,4.7,2,6,2,1,9.0
3,0,2020,5,19695.0,1,26.0,31.0,0,1.4,1.4,5.0,4.6,1,9,2,1,6.0
3,0,2020,18,29750.0,1,22.0,30.0,2,2.4,2.4,12.0,4.8,2,9,4,1,9.0
3,1,2011,43,8988.0,1,18.0,27.0,3,3.6,3.6,119006.0,4.7,1,4,2,1,6.0
3,1,2015,3,10995.0,1,23.0,34.0,0,2.4,2.4,50904.0,4.7,1,9,0,1,6.0
3,0,2020,5,16590.0,1,26.0,31.0,0,1.4,1.4,10.0,4.6,1,4,2,1,6.0
3,1,2018,40,19950.0,1,20.0,29.0,1,3.0,3.0,21392.0,4.7,2,9,3,1,7.0
3,0,2020,5,16590.0,1,26.0,31.0,0,1.4,1.4,10.0,4.6,1,9,2,1,6.0
3,1,2016,37,14797.0,1,16.0,22.0,0,3.5,3.5,51995.0,4.7,1,7,1,1,6.0
3,1,2019,9,72590.0,1,16.0,22.0,1,3.0,3.0,26.0,5.0,2,9,8,1,9.0
3,0,2020,5,16586.0,1,26.0,31.0,0,1.4,1.4,5.0,4.6,1,4,2,1,6.0
8,1,2015,41,25998.0,4,26.0,37.0,1,3.0,3.0,28863.0,4.7,2,4,1,1,8.0
8,1,2017,33,21199.0,1,19.0,27.0,0,3.5,3.5,27505.0,4.7,1,9,8,1,6.0
8,1,2017,33,16389.0,1,21.0,33.0,0,3.5,3.5,30395.0,4.9,1,4,2,1,6.0
8,1,2017,18,14999.0,1,24.0,31.0,2,2.4,2.4,20279.0,4.8,2,8,2,1,9.0
8,1,2016,31,10999.0,1,25.0,38.0,0,2.4,2.4,33188.0,4.8,1,0,0,1,6.0
8,1,2017,5,11189.0,1,28.0,39.0,0,1.4,1.4,29406.0,4.8,1,6,2,1,6.0
8,1,2018,5,22299.0,1,17.0,25.0,0,3.6,3.6,4958.0,4.7,1,7,2,1,9.0
8,1,2018,19,24998.0,1,24.0,34.0,1,2.0,2.0,32704.0,4.8,2,9,2,1,8.0
8,1,2019,33,17799.0,1,28.0,38.0,0,1.5,1.5,2450.0,4.8,1,7,2,0,6.0
8,1,2016,43,17979.0,1,17.0,24.0,1,3.6,3.6,34918.0,4.6,1,4,2,1,6.0
8,1,2018,5,12379.0,1,27.0,40.0,0,1.4,1.4,16310.0,4.7,1,9,2,1,6.0
8,0,2019,37,23495.0,1,27.0,29.0,2,2.0,2.0,2044.0,3.9,1,9,2,1,6.0
8,1,2017,2,20889.0,1,21.0,31.0,1,3.6,3.6,3493.0,4.7,1,8,1,1,8.0
8,1,2018,5,30279.0,1,17.0,25.0,1,3.6,3.6,34084.0,4.7,1,11,8,1,9.0
8,1,2019,5,17769.0,1,26.0,32.0,0,1.5,1.5,17359.0,4.6,1,6,2,1,6.0
8,1,2016,3,12289.0,1,24.0,35.0,0,2.4,2.4,35002.0,4.8,1,8,0,1,6.0
8,1,2011,42,13400.0,1,16.0,22.0,2,4.0,4.0,83977.0,4.8,1,7,0,1,5.0
8,1,2016,2,11889.0,1,21.0,30.0,0,2.0,2.0,26110.0,4.7,1,6,1,1,6.0
8,1,2019,37,9289.0,1,27.0,35.0,0,1.6,1.6,15806.0,4.6,1,5,2,1,6.0
8,1,2015,31,20995.0,1,15.0,23.0,3,5.0,5.0,62287.0,4.8,1,4,2,1,8.0
8,1,2018,29,49911.0,1,19.0,28.0,1,2.5,2.5,14717.0,5.0,2,0,2,1,7.0
8,1,2015,5,9799.0,1,25.0,36.0,0,2.5,2.5,44754.0,4.7,1,9,2,1,6.0
8,1,2017,3,11869.0,1,25.0,30.0,0,2.0,2.0,22739.0,4.9,1,7,0,1,6.0
8,0,2020,37,21245.0,1,27.0,29.0,2,2.0,2.0,6.0,4.2,1,8,2,1,6.0
8,1,2018,25,13969.0,1,24.0,33.0,0,2.5,2.5,4084.0,4.8,3,8,2,1,6.0
8,1,2015,5,11869.0,1,24.0,31.0,1,1.4,1.4,42683.0,4.5,1,5,2,1,6.0
8,1,2019,2,28599.0,1,18.0,26.0,1,3.6,3.6,4513.0,4.5,1,6,1,1,9.0
8,1,2018,47,25950.0,0,25.0,31.0,2,6.0,6.0,45228.0,4.8,1,7,0,1,6.0
8,1,2018,5,12859.0,1,22.0,30.0,0,3.6,3.6,31701.0,4.8,1,8,2,1,6.0
8,0,2020,37,23245.0,1,23.0,29.0,2,2.0,2.0,6.0,4.2,1,9,2,1,6.0
8,1,2016,5,7579.0,1,24.0,35.0,0,1.8,1.8,33880.0,4.4,1,8,2,1,6.0
8,1,2008,44,15995.0,1,14.0,18.0,2,4.7,4.7,103756.0,4.5,2,5,2,1,5.0
8,1,2016,5,10279.0,1,27.0,37.0,0,1.5,1.5,61737.0,4.6,1,9,2,1,6.0
8,1,2017,5,10299.0,1,28.0,39.0,0,1.4,1.4,22692.0,4.8,1,9,2,1,6.0
8,1,2017,0,19999.0,1,19.0,27.0,0,3.5,3.5,36860.0,4.8,1,6,2,1,8.0
8,1,2006,8,4495.0,1,22.0,29.0,0,2.4,2.4,115777.0,4.6,3,9,2,0,3.0
8,1,2014,47,14799.0,1,20.0,29.0,1,3.6,3.6,52992.0,4.6,1,7,2,1,6.0
8,0,2020,47,31079.0,1,25.0,28.0,1,2.0,2.0,0.0,4.4,1,5,2,1,9.0
8,1,2019,5,19999.0,1,22.0,29.0,1,2.0,2.0,2294.0,4.6,1,6,2,1,9.0
8,1,2017,41,34580.0,3,25.0,31.0,1,2.0,2.0,26239.0,5.0,2,4,2,1,8.0
8,1,2013,37,9995.0,1,19.0,29.0,0,3.5,3.5,100923.0,4.5,1,8,1,1,6.0
8,1,2018,22,40989.0,4,25.0,31.0,2,6.7,6.7,22093.0,4.7,1,4,2,1,6.0
8,0,2020,29,54314.0,1,18.0,23.0,1,3.0,3.0,12.0,3.0,2,9,2,1,8.0
8,0,2019,42,36150.0,1,15.0,21.0,2,5.6,5.6,11.0,4.2,1,6,2,1,7.0
8,1,2013,37,12995.0,1,18.0,25.0,1,3.5,3.5,94748.0,4.7,1,4,2,1,6.0
8,1,2019,2,19969.0,1,21.0,27.0,0,2.5,2.5,6331.0,4.7,1,9,1,1,6.0
8,0,2019,42,34995.0,1,15.0,21.0,2,5.6,5.6,29.0,4.2,1,5,2,1,7.0
8,1,2018,5,12789.0,1,27.0,36.0,0,1.5,1.5,30359.0,4.8,1,0,2,1,6.0
8,1,2010,37,6999.0,1,18.0,27.0,0,3.5,3.5,146110.0,4.5,1,9,2,1,6.0
8,1,2016,44,21488.0,1,22.0,28.0,1,2.0,2.0,4717.0,4.9,2,0,0,1,6.0
8,0,2020,29,59992.0,1,18.0,23.0,1,3.0,3.0,4.0,3.0,2,0,2,1,8.0
8,1,2016,3,12289.0,1,24.0,35.0,0,2.4,2.4,35002.0,4.8,1,8,0,1,6.0
8,0,2020,37,37462.0,1,21.0,29.0,1,2.0,2.0,1.0,4.8,1,6,2,1,8.0
8,0,2019,44,39857.0,1,25.0,31.0,1,3.5,3.5,5.0,4.8,2,7,2,1,6.0
8,0,2020,37,38553.0,1,21.0,29.0,1,2.0,2.0,1.0,4.8,1,5,2,1,8.0
8,0,2020,47,50448.0,1,16.0,21.0,2,6.2,6.2,0.0,4.8,1,5,2,1,10.0
8,1,2015,5,18499.0,0,25.0,31.0,2,4.3,4.3,60198.0,4.7,1,7,2,1,6.0
8,1,2018,21,15279.0,1,24.0,33.0,0,2.0,2.0,15003.0,4.8,2,0,2,1,6.0
8,1,2019,5,33799.0,1,18.0,27.0,1,3.6,3.6,3423.0,4.5,1,11,0,1,9.0
8,0,2019,42,35045.0,1,15.0,21.0,2,5.6,5.6,11.0,4.2,1,6,2,1,7.0
8,1,2017,33,21969.0,1,19.0,26.0,1,3.5,3.5,34955.0,4.8,1,4,2,1,6.0
8,1,2016,47,25499.0,0,17.0,22.0,2,5.3,5.3,34213.0,4.7,1,6,2,1,6.0
8,0,2019,42,37395.0,1,15.0,21.0,2,5.6,5.6,5.0,4.2,1,5,2,1,7.0
8,1,2014,14,8499.0,1,22.0,35.0,0,2.4,2.4,65791.0,4.3,1,0,2,1,6.0
8,0,2020,47,34538.0,1,22.0,28.0,1,2.0,2.0,0.0,4.4,1,5,2,1,9.0
8,0,2020,47,34538.0,1,22.0,28.0,1,2.0,2.0,0.0,4.4,1,5,2,1,9.0
8,0,2019,37,37738.0,1,20.0,24.0,2,2.3,2.3,1.0,4.0,1,8,2,1,10.0
8,0,2019,42,38105.0,1,15.0,21.0,2,5.6,5.6,10.0,4.2,1,4,2,1,7.0
8,0,2020,47,35722.0,1,22.0,28.0,1,2.0,2.0,0.0,4.4,1,5,2,1,9.0
8,0,2020,47,34538.0,1,22.0,28.0,1,2.0,2.0,0.0,4.4,1,7,2,1,9.0
8,0,2020,37,21245.0,1,27.0,29.0,2,2.0,2.0,10.0,4.2,1,5,2,1,6.0
8,0,2020,37,21745.0,1,27.0,29.0,2,2.0,2.0,8.0,4.2,1,5,2,1,6.0
8,0,2019,42,40745.0,1,15.0,21.0,2,5.6,5.6,5.0,4.2,1,9,2,1,7.0
8,1,2015,47,16789.0,1,16.0,23.0,1,3.6,3.6,54448.0,4.7,1,6,1,1,6.0
8,0,2020,25,41998.0,1,20.0,26.0,1,2.5,2.5,0.0,5.0,3,0,2,1,6.0
8,0,2020,47,34657.0,1,22.0,28.0,1,2.0,2.0,36.0,4.4,1,4,2,1,9.0
8,1,2016,29,22989.0,1,25.0,31.0,1,3.0,3.0,26137.0,4.8,2,4,2,1,8.0
8,0,2019,17,21999.0,1,26.0,35.0,3,1.4,1.4,16.0,4.9,3,7,1,1,6.0
8,1,2018,37,22699.0,1,16.0,22.0,2,2.3,2.3,15449.0,4.9,1,5,1,1,6.0
8,0,2020,47,31198.0,1,25.0,28.0,1,2.0,2.0,0.0,4.4,1,5,2,1,9.0
8,1,2014,5,21989.0,1,25.0,31.0,2,5.3,5.3,34381.0,4.6,1,9,2,1,6.0
8,0,2019,42,36045.0,1,15.0,21.0,2,5.6,5.6,15.0,4.2,1,7,2,1,7.0
8,1,2019,5,26989.0,1,17.0,25.0,1,3.6,3.6,12255.0,4.5,1,5,2,1,9.0
8,0,2020,47,34617.0,1,22.0,28.0,1,2.0,2.0,0.0,4.4,1,9,2,1,9.0
8,1,2018,33,27199.0,1,18.0,26.0,1,3.5,3.5,10046.0,4.8,1,9,2,1,6.0
8,1,2011,44,15738.0,1,16.0,24.0,3,4.6,4.6,74828.0,4.9,2,4,1,1,8.0
8,1,2018,5,17969.0,1,26.0,32.0,1,1.5,1.5,23764.0,4.7,1,9,2,1,6.0
8,0,2020,47,34657.0,1,22.0,28.0,1,2.0,2.0,0.0,4.4,1,5,2,1,9.0
8,1,2018,47,46799.0,4,25.0,31.0,2,6.6,6.6,28916.0,5.0,1,4,2,1,6.0
8,0,2020,47,34538.0,1,22.0,28.0,1,2.0,2.0,0.0,4.4,1,7,2,1,9.0
8,1,2016,25,12788.0,1,29.0,41.0,0,2.0,2.0,35859.0,4.7,3,7,2,1,6.0
8,0,2019,29,52036.0,1,21.0,30.0,1,3.0,3.0,105.0,5.0,2,4,2,1,8.0
8,0,2020,37,21745.0,1,27.0,29.0,2,2.0,2.0,8.0,4.2,1,7,2,1,6.0
8,1,2015,14,11950.0,1,19.0,26.0,0,3.6,3.6,59492.0,4.6,1,0,0,1,6.0
8,0,2020,37,21245.0,1,27.0,29.0,2,2.0,2.0,6.0,4.2,1,4,2,1,6.0
8,1,2018,21,21489.0,1,18.0,25.0,1,3.6,3.6,19016.0,4.7,2,4,2,1,8.0
8,0,2019,21,40205.0,1,17.0,23.0,1,3.6,3.6,5.0,4.3,2,4,2,1,8.0
8,1,2019,5,38999.0,1,17.0,25.0,1,3.6,3.6,3520.0,4.5,1,6,8,1,9.0
8,1,2019,5,21399.0,1,22.0,29.0,1,2.0,2.0,325.0,4.6,1,4,2,1,9.0
8,0,2020,47,26513.0,1,26.0,30.0,1,1.5,1.5,0.0,4.4,1,7,2,1,9.0
8,1,2018,45,37998.0,1,17.0,24.0,3,3.3,3.3,16736.0,4.9,3,6,0,1,8.0
8,1,2010,34,14995.0,1,16.0,23.0,1,3.7,3.7,72570.0,4.8,3,5,1,1,6.0
8,0,2020,47,50567.0,1,16.0,21.0,2,6.2,6.2,0.0,4.8,1,4,2,1,10.0
8,0,2020,47,52020.0,1,17.0,24.0,2,6.2,6.2,0.0,4.8,1,4,2,1,10.0
8,0,2020,47,37351.0,1,21.0,27.0,1,3.6,3.6,0.0,4.8,1,5,2,1,9.0
8,0,2020,47,50293.0,1,16.0,21.0,2,6.2,6.2,0.0,4.8,1,5,2,1,10.0
8,0,2020,47,34538.0,1,22.0,28.0,1,2.0,2.0,0.0,4.4,1,5,2,1,9.0
8,1,2018,31,12998.0,1,28.0,37.0,0,2.0,2.0,29952.0,4.8,1,7,0,1,6.0
8,0,2020,21,30061.0,1,22.0,29.0,1,2.0,2.0,6.0,4.6,2,0,2,1,8.0
8,1,2019,5,33699.0,1,17.0,25.0,1,3.6,3.6,12924.0,4.5,1,11,8,1,9.0
8,0,2020,44,43197.0,1,21.0,30.0,1,3.5,3.5,8.0,5.0,2,0,4,1,6.0
8,0,2020,47,48048.0,1,16.0,22.0,2,6.2,6.2,0.0,4.8,1,7,2,1,10.0
8,0,2020,47,54196.0,1,17.0,24.0,2,6.2,6.2,0.0,4.8,1,9,2,1,10.0
8,1,2005,2,2581.0,1,20.0,29.0,0,3.8,3.8,148567.0,4.7,1,2,1,1,4.0
8,0,2020,25,25998.0,1,26.0,35.0,0,2.5,2.5,0.0,5.0,3,0,2,1,6.0
8,0,2020,47,31552.0,1,21.0,27.0,1,3.6,3.6,0.0,4.8,1,4,2,1,9.0
8,1,2017,31,16995.0,1,20.0,26.0,0,2.4,2.4,43503.0,4.8,1,4,0,1,6.0
8,0,2020,47,35066.0,1,22.0,28.0,1,2.0,2.0,0.0,4.4,1,9,2,1,9.0
8,1,2016,18,17769.0,1,22.0,31.0,0,3.2,3.2,10573.0,4.5,2,11,8,1,9.0
8,0,2020,47,52136.0,1,17.0,24.0,2,6.2,6.2,0.0,4.8,1,4,2,1,10.0
8,1,2017,37,11999.0,1,21.0,32.0,0,2.5,2.5,18101.0,4.9,1,8,0,1,6.0
8,1,2012,37,8371.0,0,21.0,28.0,2,3.0,3.0,128601.0,4.5,1,0,0,1,6.0
8,0,2019,31,23970.0,1,22.0,25.0,1,2.3,2.3,0.0,4.7,1,4,2,1,6.0
8,1,2017,18,21799.0,1,19.0,25.0,2,3.2,3.2,11105.0,4.7,2,4,2,1,9.0
0,1,2015,5,13990.0,1,19.0,29.0,0,3.6,3.6,109877.0,4.7,1,4,2,1,6.0
0,1,2019,5,39990.0,1,18.0,27.0,1,3.6,3.6,17091.0,4.5,1,9,2,1,9.0
0,1,2016,5,14490.0,1,24.0,34.0,0,2.5,2.5,28115.0,4.7,1,6,2,1,6.0
0,1,2017,2,23990.0,1,15.0,22.0,1,3.6,3.6,68406.0,4.8,1,7,1,1,6.0
0,1,2017,5,23490.0,1,15.0,22.0,1,3.6,3.6,41082.0,4.8,1,6,2,1,6.0
0,1,2014,47,25990.0,1,17.0,22.0,2,5.3,5.3,38500.0,4.4,1,9,2,1,6.0
0,1,2017,5,17990.0,1,21.0,31.0,1,2.4,2.4,23942.0,4.8,1,0,1,1,6.0
0,1,2000,39,2990.0,1,20.0,29.0,0,3.8,3.8,197402.0,4.6,3,5,3,1,4.0
0,1,2017,5,19990.0,1,21.0,31.0,1,3.6,3.6,36849.0,4.8,1,9,2,1,6.0
0,1,2019,5,20990.0,1,22.0,29.0,0,3.6,3.6,25375.0,4.7,1,9,2,1,6.0
0,1,2017,5,17490.0,1,15.0,22.0,1,3.6,3.6,78784.0,4.8,1,8,2,1,6.0
0,1,2017,5,23990.0,1,15.0,22.0,1,3.6,3.6,36913.0,4.8,1,7,2,1,6.0
0,1,2014,5,14000.0,1,16.0,23.0,1,3.6,3.6,90013.0,4.7,1,8,2,1,6.0
0,1,2016,5,27490.0,1,25.0,31.0,2,5.3,5.3,22107.0,4.7,1,5,2,1,6.0
0,1,2016,2,17490.0,1,28.0,34.0,1,1.4,1.4,30476.0,4.7,1,4,2,1,6.0
0,1,2011,5,6490.0,1,16.0,23.0,1,3.6,3.6,179736.0,4.2,1,0,0,1,6.0
0,1,2012,5,7990.0,0,18.0,30.0,0,3.6,3.6,76643.0,4.5,1,5,2,1,6.0
0,1,2019,5,45990.0,1,15.0,22.0,2,5.3,5.3,21257.0,4.4,1,9,2,1,6.0
0,1,2015,5,16490.0,1,16.0,23.0,1,3.6,3.6,81938.0,4.5,1,9,2,1,6.0
0,1,2018,5,21490.0,1,26.0,32.0,1,1.5,1.5,19230.0,4.7,1,4,2,1,6.0
0,1,2010,0,6990.0,1,22.0,33.0,0,2.5,2.5,123872.0,4.6,1,0,1,0,6.0
0,1,2015,5,14490.0,1,16.0,23.0,1,3.6,3.6,106227.0,4.5,1,9,2,1,6.0
0,1,2016,37,27990.0,1,16.0,23.0,2,2.3,2.3,44378.0,4.5,1,9,2,1,6.0
0,1,2016,22,27000.0,1,17.0,25.0,2,5.7,5.7,32915.0,4.6,1,6,2,1,8.0
0,1,2002,47,6490.0,1,25.0,31.0,2,6.0,6.0,217719.0,4.3,1,3,3,1,4.0
0,1,2017,5,16990.0,1,21.0,31.0,1,2.4,2.4,47053.0,4.8,1,8,2,1,6.0
0,1,2011,5,5990.0,0,25.0,31.0,0,2.4,2.4,103649.0,4.2,1,7,1,1,6.0
0,1,2015,5,13990.0,1,19.0,29.0,0,3.6,3.6,80426.0,4.7,1,7,2,1,6.0
0,1,2016,5,36990.0,4,25.0,31.0,2,6.6,6.6,114468.0,4.4,1,4,2,1,6.0
0,1,2019,2,41000.0,1,18.0,26.0,1,3.6,3.6,9745.0,4.5,1,9,1,1,9.0
0,1,2018,2,18990.0,1,25.0,33.0,1,1.4,1.4,4057.0,4.8,1,9,2,1,6.0
0,1,2014,5,11990.0,0,19.0,29.0,0,3.6,3.6,91129.0,4.5,1,7,2,1,6.0
0,1,2012,47,8990.0,1,20.0,29.0,1,2.4,2.4,97248.0,4.3,1,5,2,1,6.0
0,1,2010,2,6990.0,1,17.0,24.0,1,3.6,3.6,133695.0,4.2,1,5,1,1,6.0
0,1,2013,5,21490.0,1,15.0,21.0,2,5.3,5.3,91027.0,4.6,1,6,2,1,6.0
0,1,2015,2,17990.0,1,16.0,22.0,1,3.6,3.6,83968.0,4.5,1,7,1,1,6.0
0,1,2019,43,37990.0,1,18.0,25.0,1,3.6,3.6,21361.0,4.3,1,9,8,1,8.0
0,1,2016,2,17490.0,1,28.0,34.0,1,1.4,1.4,36976.0,4.7,1,9,2,1,6.0
0,1,2016,5,27990.0,1,25.0,31.0,2,5.3,5.3,31486.0,4.7,1,9,2,1,6.0
0,1,2015,47,17990.0,1,22.0,32.0,1,3.6,3.6,64283.0,4.7,1,9,2,1,6.0
0,1,2017,43,28990.0,1,19.0,27.0,1,3.6,3.6,35509.0,4.6,1,0,1,1,8.0
0,1,2017,5,14990.0,1,28.0,39.0,0,1.4,1.4,42868.0,4.8,1,6,2,1,6.0
0,1,2016,47,28990.0,1,15.0,22.0,1,3.6,3.6,27956.0,4.4,1,4,2,1,6.0
0,1,2014,5,7990.0,1,27.0,34.0,0,1.4,1.4,90788.0,4.5,1,4,2,1,6.0
0,1,2018,47,51490.0,4,25.0,31.0,2,6.6,6.6,57108.0,4.8,1,7,2,1,6.0
0,1,2014,47,33990.0,4,25.0,31.0,2,6.6,6.6,88167.0,4.3,1,4,2,1,6.0
0,1,2016,2,21990.0,1,15.0,22.0,1,3.6,3.6,76159.0,4.4,1,7,2,1,6.0
0,1,2016,47,27490.0,1,20.0,27.0,2,3.6,3.6,29055.0,4.4,1,4,2,1,6.0
0,1,2017,5,14490.0,1,28.0,39.0,0,1.4,1.4,23832.0,4.8,1,4,2,1,6.0
0,1,2012,47,7990.0,1,17.0,24.0,1,3.6,3.6,175724.0,4.4,1,8,1,1,6.0
0,1,2012,37,12000.0,1,14.0,19.0,2,3.5,3.5,166944.0,4.5,1,0,0,1,6.0
0,1,2017,5,13990.0,1,27.0,36.0,0,1.5,1.5,40134.0,4.8,1,9,2,1,6.0
0,1,2020,5,44990.0,1,16.0,22.0,2,5.3,5.3,2151.0,4.7,1,5,2,1,10.0
0,1,2016,37,32490.0,1,19.0,26.0,2,3.5,3.5,43714.0,4.7,1,9,1,1,6.0
0,1,2014,25,7990.0,1,25.0,37.0,0,2.5,2.5,137478.0,4.8,3,4,2,1,6.0
0,1,2013,5,5990.0,1,18.0,30.0,0,3.6,3.6,141072.0,4.3,1,4,2,1,6.0
0,1,2017,2,23990.0,1,22.0,29.0,1,2.5,2.5,30382.0,4.9,1,6,1,1,6.0
0,1,2017,2,24990.0,1,22.0,29.0,1,2.5,2.5,29067.0,4.9,1,9,1,1,6.0
0,1,2013,5,19990.0,1,15.0,21.0,2,5.3,5.3,100431.0,4.6,1,9,2,1,6.0
0,0,2020,5,35446.0,1,21.0,28.0,1,3.6,3.6,2.0,4.9,1,9,2,1,9.0
0,1,2016,22,25000.0,1,25.0,31.0,2,5.7,5.7,57263.0,4.6,1,9,2,1,8.0
0,0,2020,47,59177.0,1,17.0,24.0,2,6.2,6.2,2.0,4.8,1,9,2,1,10.0
0,1,2013,47,18990.0,0,15.0,21.0,2,5.3,5.3,131678.0,4.5,1,6,2,1,6.0
0,0,2020,47,47570.0,1,19.0,27.0,1,3.6,3.6,2.0,4.8,1,5,2,1,9.0
0,1,2018,5,19990.0,1,26.0,32.0,1,1.5,1.5,40687.0,4.7,1,6,2,1,6.0
0,1,2013,5,5990.0,1,18.0,30.0,0,3.6,3.6,153273.0,4.3,1,7,2,1,6.0
0,1,2004,23,1990.0,1,21.0,26.0,0,2.2,2.2,219644.0,3.8,4,6,0,0,5.0
0,1,2015,2,18490.0,1,16.0,22.0,1,3.6,3.6,70143.0,4.5,1,9,1,1,6.0
0,1,2015,5,22000.0,1,25.0,31.0,2,5.3,5.3,91590.0,4.7,1,8,2,1,6.0
0,1,2010,47,10990.0,1,17.0,24.0,1,3.6,3.6,85728.0,4.2,1,9,1,1,6.0
0,0,2020,5,42656.0,1,18.0,27.0,1,3.6,3.6,2.0,5.0,1,7,2,1,9.0
0,0,2020,5,31697.0,1,26.0,31.0,1,1.5,1.5,2.0,4.5,1,6,2,1,6.0
0,1,2019,47,38990.0,1,18.0,25.0,1,3.6,3.6,9700.0,4.5,1,9,1,1,6.0
0,1,2016,2,23990.0,1,15.0,22.0,1,3.6,3.6,48794.0,4.4,1,9,1,1,6.0
0,1,2004,5,4500.0,1,15.0,21.0,3,4.8,4.8,153532.0,4.4,1,9,2,1,4.0
0,1,2008,5,9000.0,0,25.0,31.0,2,5.3,5.3,268770.0,4.4,1,0,2,1,4.0
0,0,2020,47,30908.0,1,25.0,28.0,1,1.5,1.5,3.0,4.4,1,9,2,1,9.0
0,1,2016,37,33490.0,1,19.0,26.0,2,3.5,3.5,42289.0,4.7,1,2,0,1,6.0
0,1,2013,47,32490.0,4,25.0,31.0,2,6.6,6.6,98702.0,4.7,1,6,2,1,6.0
0,0,2020,5,37952.0,1,18.0,27.0,1,3.6,3.6,3.0,5.0,1,7,2,1,9.0
0,0,2020,47,47390.0,1,19.0,27.0,1,3.6,3.6,2.0,4.8,1,9,2,1,9.0
0,1,2016,5,27990.0,1,25.0,31.0,2,5.3,5.3,48703.0,4.7,1,5,1,1,6.0
0,1,2008,47,10990.0,1,12.0,19.0,1,6.2,6.2,158112.0,4.9,1,9,2,1,6.0
0,1,2011,5,24000.0,4,25.0,31.0,2,6.6,6.6,162259.0,4.5,1,4,1,1,6.0
0,1,2015,22,19990.0,1,25.0,31.0,2,5.7,5.7,119092.0,4.7,1,7,8,1,8.0
0,1,2016,37,27990.0,1,19.0,26.0,2,3.5,3.5,76285.0,4.7,1,2,0,1,6.0
0,1,2013,5,40990.0,4,25.0,31.0,2,6.6,6.6,38402.0,4.7,1,0,2,1,6.0
0,0,2020,47,29801.0,1,26.0,30.0,1,1.5,1.5,11.0,4.4,1,4,2,1,9.0
0,1,2017,47,27990.0,1,15.0,22.0,1,3.6,3.6,32224.0,4.8,1,9,2,1,6.0
0,1,2011,5,9990.0,1,22.0,32.0,1,2.4,2.4,98347.0,4.1,1,5,2,1,6.0
0,1,2015,0,20490.0,1,19.0,25.0,1,3.5,3.5,97500.0,4.7,1,9,1,1,6.0
0,1,2015,1,11990.0,1,23.0,36.0,0,2.4,2.4,43733.0,4.3,2,0,2,1,9.0
0,0,2020,47,46828.0,1,18.0,25.0,1,3.6,3.6,2.0,4.8,1,4,1,1,9.0
0,1,2019,47,24990.0,1,28.0,38.0,1,1.5,1.5,20314.0,4.6,1,7,2,1,9.0
0,1,2014,5,16990.0,1,17.0,24.0,1,3.6,3.6,79603.0,4.7,1,9,2,1,6.0
0,1,2007,1,2990.0,1,16.0,24.0,0,3.8,3.8,159468.0,4.2,2,6,0,1,4.0
0,1,2017,5,13490.0,1,28.0,39.0,0,1.4,1.4,38755.0,4.8,1,9,2,1,6.0
0,0,2020,5,34961.0,1,26.0,31.0,1,1.5,1.5,4.0,4.5,1,4,2,1,6.0
0,1,2013,37,15990.0,1,14.0,19.0,2,3.5,3.5,114987.0,4.6,1,0,0,1,6.0
